ticker,last_seen
CUBWU,2026-07-04
FIGXU,2026-07-04
LIXT,2026-07-04
OBAWU,2026-07-04
RDIB,2026-07-04
SVCCU,2026-07-04
BAYA,2026-07-06
BAYAU,2026-07-06
GUAC,2026-07-06
IDAC,2026-07-06
MFPVV,2026-07-06
MIDDV,2026-07-06
PTAC,2026-07-06
REE,2026-07-06
ANSCU,2026-07-07
GSRFU,2026-07-07
KCAC.U,2026-07-07
KVACU,2026-07-07
RFAMU,2026-07-07
SSACU,2026-07-07
AACIU,2026-07-08
BRKL,2026-07-08
FACTU,2026-07-08
FGIIU,2026-07-08
FVNNU,2026-07-08
GPATU,2026-07-08
GRAF.U,2026-07-08
INACU,2026-07-08
MSW,2026-07-08
NCL,2026-07-08
OLPX,2026-07-08
PCG/PG,2026-07-08
PRVT,2026-07-08
RNWZ,2026-07-08
XSLLU,2026-07-08
YHNA,2026-07-08
ARCLU,2026-07-09
IPCXU,2026-07-09
LKSPU,2026-07-09
LPCVU,2026-07-09
LRNZ,2026-07-09
PCG/PI,2026-07-09
POLEU,2026-07-09
RNMN,2026-07-09
TBRG,2026-07-09
WPAC.U,2026-07-09
DMIIU,2026-07-10
LATAU,2026-07-10
VNMEU,2026-07-10
AFJKU,2026-07-11
ALA,2026-07-11
BABC,2026-07-11
BNMC,2026-07-11
CLBR.U,2026-07-11
CTAAU,2026-07-11
DTSQU,2026-07-11
EVTV,2026-07-11
GEVC,2026-07-11
HOOC,2026-07-11
IGTR,2026-07-11
INT,2026-07-11
JOBC,2026-07-11
LITC,2026-07-11
QHDG,2026-07-11
QUA,2026-07-11
SKHYV,2026-07-11
SMRX,2026-07-11
SOFC,2026-07-11
SVAC,2026-07-11
SVACU,2026-07-11
SVIVU,2026-07-11
TEMC,2026-07-11
UPSC,2026-07-11
UUUC,2026-07-11
VFL,2026-07-11
WDCC,2026-07-11
ADACU,2026-07-14
APACU,2026-07-14
BNBX,2026-07-14
CUSD,2026-07-14
EEX,2026-07-14
ESPR,2026-07-14
GIWWU,2026-07-14
ILLUU,2026-07-14
MYXXU,2026-07-14
PCTTU,2026-07-14
RDAGU,2026-07-14
SSEAU,2026-07-14
SZZLU,2026-07-14
TDWDU,2026-07-14
WSR,2026-07-14
WSTN,2026-07-14
AMMO,2026-07-15
BEAGU,2026-07-15
BLCN,2026-07-15
DRMY,2026-07-15
GALX,2026-07-15
KPET.U,2026-07-15
NMPAU,2026-07-15
QUMSU,2026-07-15
RFAIU,2026-07-15
RTOO,2026-07-15
SDHIU,2026-07-15
SIM,2026-07-15
TKNZ,2026-07-15
XOMA,2026-07-15
XOMAO,2026-07-15
XOMAP,2026-07-15
AAOZ,2026-07-16
CPRX,2026-07-16
DYNCU,2026-07-16
GSHR,2026-07-16
GTENU,2026-07-16
GTERU,2026-07-16
GTLS,2026-07-16
LCDL,2026-07-16
MUZE,2026-07-16
NUVL,2026-07-16
SOUL.U,2026-07-16
TMGN,2026-07-16
UAC.U,2026-07-16
WAI,2026-07-16
SLAI,2026-07-17
APM,2026-07-18
BIXIU,2026-07-18
BURU,2026-07-18
CMIIU,2026-07-18
DYORU,2026-07-18
EGHAU,2026-07-18
FGMC,2026-07-18
FGMCU,2026-07-18
FISK,2026-07-18
HVMCU,2026-07-18
IRHOU,2026-07-18
LPAAU,2026-07-18
MLAAU,2026-07-18
NBRGU,2026-07-18
NPACU,2026-07-18
ODV,2026-07-18
SAEF,2026-07-18
UBXG,2026-07-18
CREG,2026-07-21
DAAQU,2026-07-21
EMIS,2026-07-21
FSHPU,2026-07-21
ILLU,2026-07-21
KORE,2026-07-21
MUZEU,2026-07-21
NFBK,2026-07-21
OACCU,2026-07-21
OYSEU,2026-07-21
PAII.U,2026-07-21
PCSC,2026-07-21
SAC.U,2026-07-21
TACHU,2026-07-21
WSO.B,2026-07-21
YOOV,2026-07-21
ALBT,2026-07-22
BCSS.U,2026-07-22
CCRN,2026-07-22
DRDBU,2026-07-22
KRMA,2026-07-22
LMFA,2026-07-22
NOEMU,2026-07-22
NSA,2026-07-22
NSA/PA,2026-07-22
NSA/PB,2026-07-22
QRFT,2026-07-22
UYSCU,2026-07-22
WGRX,2026-07-22
COPL.U,2026-07-23
CRAQ,2026-07-23
GAMB,2026-07-23
MBAV,2026-07-23
MBAVU,2026-07-23
SGRP,2026-07-23
ALUB.U,2026-07-24
BANFP,2026-07-24
BPACU,2026-07-24
FERAU,2026-07-24
GREE,2026-07-24
HVIIU,2026-07-24
IPEXU,2026-07-24
KFIIU,2026-07-24
MCAHU,2026-07-24
NVVE,2026-07-24
TMHC,2026-07-24
VHCPU,2026-07-24
AVNS,2026-07-25
BIO.B,2026-07-25
BLIV,2026-07-25
CRED,2026-07-25
EVAC.U,2026-07-25
GRAF,2026-07-25
IBAC,2026-07-25
JACS.U,2026-07-25
LGHT,2026-07-25
MVO,2026-07-25
PONO,2026-07-25
QETA,2026-07-25
TRINZ,2026-07-25
TWLVU,2026-07-25
VSTD,2026-07-25
CCIX,2026-07-28
CCIXU,2026-07-28
COLAU,2026-07-28
NHICU,2026-07-28
ORIQU,2026-07-28
TLNCU,2026-07-28
VYNE,2026-07-28
ABNG,2026-07-29
AXINU,2026-07-29
AXPG,2026-07-29
CHPG,2026-07-29
CMGG,2026-07-29
CNCG,2026-07-29
CZAR,2026-07-29
DNNG,2026-07-29
HWAY,2026-07-29
JENA.U,2026-07-29
LACG,2026-07-29
ORLG,2026-07-29
OSCG,2026-07-29
SBU,2026-07-29
UPSG,2026-07-29
USRD,2026-07-29
APO/PA,2026-07-30
BNAV,2026-07-30
CCAQU,2026-07-30
DMAAU,2026-07-30
GLP/PB,2026-07-30
GV,2026-07-30
IPFXU,2026-07-30
LPRO,2026-07-30
MZYX.U,2026-07-30
ORLA,2026-07-30
RAYJ,2026-07-30
SPKLU,2026-07-30
CCZ,2026-07-31
LWACU,2026-07-31
QRED.U,2026-07-31
XRPNU,2026-07-31
AFBI,2026-08-01
ELSE,2026-08-01
GEOA,2026-08-01
ICOI,2026-08-01
ICRC,2026-08-01
IETH,2026-08-01
IGME,2026-08-01
IMRA,2026-08-01
IMST,2026-08-01
KVAC,2026-08-01
LCCCU,2026-08-01
PGACU,2026-08-01
PSTV,2026-08-01
SKYT,2026-08-01
TWO,2026-08-01
ACGCU,2026-08-04
ADIG/I,2026-08-04
BCCQ,2026-08-04
BEBE.U,2026-08-04
CCIIU,2026-08-04
CHECU,2026-08-04
CRACU,2026-08-04
DDFG,2026-08-04
DDTG,2026-08-04
DSACU,2026-08-04
FSHP,2026-08-04
IRAB.U,2026-08-04
ITHAU,2026-08-04
KCHVU,2026-08-04
KTWOU,2026-08-04
LEGO.U,2026-08-04
LSH,2026-08-04
MEVOU,2026-08-04
MTAL.U,2026-08-04
OIMAU,2026-08-04
PAACU,2026-08-04
PONOU,2026-08-04
RANGU,2026-08-04
RNGTU,2026-08-04
SAGU.U,2026-08-04
SCIIU,2026-08-04
SOCAU,2026-08-04
SVAQU,2026-08-04
TMTSU,2026-08-04
TOI,2026-08-04
TVACU,2026-08-04
AEAQU,2026-08-04
ALISU,2026-08-04
CRANU,2026-08-04
EA,2026-08-04
GLU/PA,2026-08-04
HCICU,2026-08-04
MESHU,2026-08-04
QADRU,2026-08-04
TRAD.U,2026-08-04
KEO,2026-08-05
PALOU,2026-08-05
VSEE,2026-08-05
XFLH.U,2026-08-05
YCY.U,2026-08-05
AACPU,2026-08-07
AXIA,2026-08-07
AXIA/PC,2026-08-07
BNZI,2026-08-07
DBCAU,2026-08-07
JRE,2026-08-07
LYTE,2026-08-07
MYX,2026-08-07
UAC,2026-08-07
ALFUU,2026-08-07
FCT,2026-08-07
PACHU,2026-08-07
RIBB,2026-08-07
STRS,2026-08-07
WLIIU,2026-08-07
AACBU,2026-08-10
CEPS,2026-08-10
HCACU,2026-08-10
IRAB,2026-08-10
PLMKU,2026-08-10
QETAU,2026-08-10
SBXE.U,2026-08-10
TDACU,2026-08-10
TONT.U,2026-08-10
TVAIU,2026-08-10
UYSC,2026-08-10
VECA.U,2026-08-10
WTGUU,2026-08-10
BACCU,2026-08-11
GSRVU,2026-08-11
MDV,2026-08-11
MDV/PA,2026-08-11
RREVU,2026-08-11
SORN,2026-08-11
AGRH,2026-08-12
ALDFU,2026-08-12
ANSC,2026-08-12
BELT,2026-08-12
BSAAU,2026-08-12
CRAQU,2026-08-12
IVRS,2026-08-12
KPET,2026-08-12
ARCIU,2026-08-13
BNRG,2026-08-13
BREZ,2026-08-13
CAPN,2026-08-13
PTACU,2026-08-13
SPEGU,2026-08-13
ZKPU,2026-08-13
APXTU,2026-08-14
AVB,2026-08-14
BBBY,2026-08-14
BCHI,2026-08-14
BLUWU,2026-08-14
ETSS,2026-08-14
GLU/PB,2026-08-14
HACQU,2026-08-14
IGACU,2026-08-14
IPCX,2026-08-14
LPBBU,2026-08-14
PCCE,2026-08-14
PCGG,2026-08-14
PCIG,2026-08-14
DEFI,2026-08-17
EQR,2026-08-17
EURKU,2026-08-17
FTRK,2026-08-17
GIXXU,2026-08-17
ISSC,2026-08-17
LAFAU,2026-08-17
MTNE,2026-08-17
TALK,2026-08-17
TAP.A,2026-08-17
AOTS,2026-08-18
BIII.U,2026-08-18
CAQUU,2026-08-18
HAVAU,2026-08-18
IWDL,2026-08-18
IWFL,2026-08-18
IWML,2026-08-18
MTUL,2026-08-18
QULL,2026-08-18
SCDL,2026-08-18
SORNU,2026-08-18
USML,2026-08-18
AACB,2026-08-19
AESPU,2026-08-19
BLRKU,2026-08-19
GGRP,2026-08-19
LBRDP,2026-08-19
WBS,2026-08-19
WBS/PF,2026-08-19
WBS/PG,2026-08-19
LBRDA,2026-08-20
LBRDK,2026-08-20
SBXD.U,2026-08-20
TUGN,2026-08-20
VLOSU,2026-08-20
YBMN,2026-08-20
ACAAU,2026-08-21
BEDZ,2026-08-21
GJP,2026-08-21
GSHRU,2026-08-21
KBON,2026-08-21
SBEV,2026-08-21
TRGSU,2026-08-21
VICE,2026-08-21
AACOU,2026-08-24
MBVIU,2026-08-24
OHACU,2026-08-24
PMTRU,2026-08-24
RMAX,2026-08-24
FLZH,2026-08-25
JONEU,2026-08-25
OSRH,2026-08-25
TAVIU,2026-08-25
AIHS,2026-08-27
ALOVU,2026-08-27
CMII,2026-08-27
DVIN,2026-08-27
DVRE,2026-08-27
DVUT,2026-08-27
DVXB,2026-08-27
DVXC,2026-08-27
DVXE,2026-08-27
DVXF,2026-08-27
DVXK,2026-08-27
DVXP,2026-08-27
DVXV,2026-08-27
DVXY,2026-08-27
FMACU,2026-08-27
LEG,2026-08-27
NTZ,2026-08-27
PGAC,2026-08-27
RIBBU,2026-08-27
TACOU,2026-08-27
WILC,2026-08-27
ALOT,2026-08-28
BBCQ,2026-08-28
BBCQU,2026-08-28
BCAR,2026-08-28
BCARU,2026-08-28
BGI,2026-08-28
DKNX,2026-08-28
FBRX,2026-08-28
HOOZ,2026-08-28
IQRA,2026-08-28
LMNX,2026-08-28
MPL,2026-08-28
OKLS,2026-08-28
ZETX,2026-08-28
