ticker,last_seen
CUBWU,2026-07-04
FIGXU,2026-07-04
LIXT,2026-07-04
OBAWU,2026-07-04
RDIB,2026-07-04
SVCCU,2026-07-04
BAYA,2026-07-06
BAYAU,2026-07-06
GUAC,2026-07-06
IDAC,2026-07-06
MFPVV,2026-07-06
MIDDV,2026-07-06
PTAC,2026-07-06
REE,2026-07-06
ANSCU,2026-07-07
GSRFU,2026-07-07
KCAC.U,2026-07-07
KVACU,2026-07-07
RFAMU,2026-07-07
SSACU,2026-07-07
AACIU,2026-07-08
BRKL,2026-07-08
FACTU,2026-07-08
FGIIU,2026-07-08
FVNNU,2026-07-08
GPATU,2026-07-08
GRAF.U,2026-07-08
INACU,2026-07-08
MSW,2026-07-08
NCL,2026-07-08
OLPX,2026-07-08
PCG/PG,2026-07-08
PRVT,2026-07-08
RNWZ,2026-07-08
XSLLU,2026-07-08
YHNA,2026-07-08
ARCLU,2026-07-09
IPCXU,2026-07-09
LKSPU,2026-07-09
LPCVU,2026-07-09
LRNZ,2026-07-09
PCG/PI,2026-07-09
POLEU,2026-07-09
RNMN,2026-07-09
TBRG,2026-07-09
WPAC.U,2026-07-09
