ticker,clase,first_date,last_date,n_rows,raw_first,flags
AAOI,WL,2013-09-26,2026-07-01,3209,2013-09-26,
AAON,WL,2005-02-25,2026-07-01,5369,2005-02-25,BORDE-COBERTURA
ABSI,WL,2021-07-22,2026-07-01,1241,2021-07-22,
ABUS,WL,2007-07-23,2026-07-01,4617,2007-07-23,
ACAD,WL,2005-02-25,2026-07-01,5367,2005-02-25,BORDE-COBERTURA
ACHR,WL,2020-12-21,2026-07-01,1387,2020-12-21,
ACM,WL,2007-05-09,2026-07-01,4816,2007-05-09,
ADI,WL,2000-01-03,2026-07-01,6661,1984-07-19,PROFUNDO
ADSE,WL,2021-12-27,2026-07-01,1130,2021-12-27,
ADTN,WL,2005-02-25,2026-07-01,5369,2005-02-25,BORDE-COBERTURA
AEVA,WL,2020-02-28,2026-07-01,1543,2020-02-28,
AGX,WL,2005-03-09,2026-07-01,4979,2005-03-09,
AIP,WL,2021-10-27,2026-07-01,1173,2021-10-27,
AIPO,WL,2025-07-28,2026-07-01,234,2025-07-28,
AIRG,WL,2016-08-12,2026-07-01,2484,2016-08-12,
AIRJ,WL,2022-02-07,2026-07-01,920,2022-02-07,
AIRO,WL,2025-06-13,2026-07-01,263,2025-06-13,
AIRR,WL,2014-03-13,2026-07-01,3089,2014-03-13,
AIT,WL,2005-02-25,2026-07-01,5369,2005-02-25,BORDE-COBERTURA
ALAB,WL,2024-03-20,2026-07-01,572,2024-03-20,
ALDX,WL,2014-05-02,2026-07-01,3055,2014-05-02,
ALGM,WL,2020-10-29,2026-07-01,1423,2020-10-29,
ALLE,WL,2013-12-04,2026-07-01,3161,2013-12-04,
ALMS,WL,2024-06-28,2026-07-01,503,2024-06-28,
ALNT,WL,2005-02-25,2026-07-01,5320,2005-02-25,BORDE-COBERTURA
ALOT,WL,2005-02-25,2026-07-01,5103,2005-02-25,BORDE-COBERTURA
ALT,WL,2005-10-06,2026-07-01,5176,2005-10-06,
AMAT,WL,2000-01-03,2026-07-01,6661,1984-09-07,PROFUNDO
AMBA,WL,2012-10-10,2026-07-01,3449,2012-10-10,
AMD,WL,2000-01-03,2026-07-01,6663,1983-03-21,PROFUNDO
AME,WL,2005-02-25,2026-07-01,5369,2005-02-25,BORDE-COBERTURA
AMKR,WL,2005-02-25,2026-07-01,5369,2005-02-25,BORDE-COBERTURA
AMPX,WL,2022-09-16,2026-07-01,950,2022-09-16,
AMSC,WL,2005-02-25,2026-07-01,5369,2005-02-25,BORDE-COBERTURA
AMTM,WL,2024-10-02,2026-07-01,437,2024-10-02,
ANET,WL,2014-06-06,2026-07-01,3035,2014-06-06,
AOSL,WL,2010-04-29,2026-07-01,4067,2010-04-29,
APG,WL,2020-04-29,2026-07-01,1551,2020-04-29,
APGE,WL,2023-07-14,2026-07-01,744,2023-07-14,
APH,WL,2005-02-25,2026-07-01,5369,2005-02-25,BORDE-COBERTURA
ARKG,WL,2014-11-05,2026-07-01,2926,2014-11-05,
ARKK,WL,2014-11-05,2026-07-01,2921,2014-11-05,
ARKX,WL,2021-03-31,2026-07-01,1319,2021-03-31,
ARM,WL,2023-09-14,2026-07-01,701,2023-09-14,
ARQT,WL,2020-01-31,2026-07-01,1612,2020-01-31,
ARRY,WL,2020-10-15,2026-07-01,1433,2020-10-15,
ARTV,WL,2024-07-19,2026-07-01,489,2024-07-19,
ARXS,WL,2026-04-16,2026-07-01,53,2026-04-16,
ASML,WL,2005-02-25,2026-07-01,5369,2005-02-25,BORDE-COBERTURA
ASND,WL,2015-01-28,2026-07-01,2873,2015-01-28,
ASTC,WL,2005-02-25,2026-07-01,5350,2005-02-25,BORDE-COBERTURA
ASTE,WL,2005-02-25,2026-07-01,5369,2005-02-25,BORDE-COBERTURA
ASTI,WL,2022-08-25,2026-07-01,965,2022-08-25,
ASTS,WL,2019-11-12,2026-07-01,1601,2019-11-12,
ATKR,WL,2016-06-10,2026-07-01,2528,2016-06-10,
ATRO,WL,2000-01-03,2026-07-01,6626,1984-09-07,PROFUNDO
AVAV,WL,2007-01-22,2026-07-01,4891,2007-01-22,
AVEX,WL,2026-04-17,2026-07-01,52,2026-04-17,
AVGO,WL,2009-08-05,2026-07-01,4251,2009-08-05,
AXON,WL,2005-02-25,2026-07-01,5369,2005-02-25,BORDE-COBERTURA
AXSM,WL,2015-11-19,2026-07-01,2667,2015-11-19,
AZZ,WL,2005-02-25,2026-07-01,5364,2005-02-25,BORDE-COBERTURA
BDC,WL,2005-02-25,2026-07-01,5369,2005-02-25,BORDE-COBERTURA
BE,WL,2018-07-25,2026-07-01,1994,2018-07-25,
BEAM,WL,2020-02-06,2026-07-01,1608,2020-02-06,
BEEM,WL,2010-05-03,2026-07-01,4066,2010-05-03,
BFLY,WL,2020-07-15,2026-07-01,1497,2020-07-15,
BLD,WL,2015-07-01,2026-06-30,2765,2015-07-01,
BLDP,WL,2005-02-25,2026-07-01,5369,2005-02-25,BORDE-COBERTURA
BLNK,WL,2018-02-14,2026-07-01,2105,2018-02-14,
BLZE,WL,2021-11-11,2026-07-01,1162,2021-11-11,
BMI,WL,2005-02-25,2026-07-01,5369,2005-02-25,BORDE-COBERTURA
BMY,WL,2000-01-03,2026-07-01,6663,1977-01-03,PROFUNDO
BOSC,WL,2005-02-25,2026-07-01,5005,2005-02-25,BORDE-COBERTURA
BOTZ,WL,2016-09-16,2026-07-01,2459,2016-09-16,
BWEN,WL,2005-06-17,2026-07-01,5187,2005-06-17,
BWXT,WL,2015-07-01,2026-07-01,2766,2015-07-01,
BZAI,WL,2022-02-01,2026-07-01,888,2022-02-01,
CAN,WL,2019-11-21,2026-07-01,1659,2019-11-21,
CAPR,WL,2007-02-13,2026-07-01,4395,2007-02-13,
CARR,WL,2020-04-06,2026-07-01,1567,2020-04-06,
CAT,WL,2000-01-03,2026-07-01,6663,1970-01-02,PROFUNDO
CBAT,WL,2005-02-25,2026-07-01,5298,2005-02-25,BORDE-COBERTURA
CCJ,WL,2005-02-25,2026-07-01,5369,2005-02-25,BORDE-COBERTURA
CEG,WL,2022-01-20,2026-07-01,1115,2022-01-20,
CELC,WL,2017-09-20,2026-07-01,2204,2017-09-20,
CEVA,WL,2005-02-25,2026-07-01,5369,2005-02-25,BORDE-COBERTURA
CGNX,WL,2005-02-25,2026-07-01,5369,2005-02-25,BORDE-COBERTURA
CGON,WL,2024-01-25,2026-07-01,610,2024-01-25,
CLDX,WL,2005-02-25,2026-07-01,5369,2005-02-25,BORDE-COBERTURA
CLLS,WL,2015-03-26,2026-07-01,2833,2015-03-26,
CLPT,WL,2019-07-03,2026-07-01,1758,2019-07-03,
CLS,WL,2005-02-25,2026-07-01,5369,2005-02-25,BORDE-COBERTURA
CMI,WL,2000-01-03,2026-07-01,6654,1984-12-18,PROFUNDO
CNEY,WL,2021-02-05,2026-07-01,1356,2021-02-05,
CNH,WL,2013-09-30,2026-07-01,3207,2013-09-30,
CNM,WL,2021-07-23,2026-07-01,1240,2021-07-23,
COAG,WL,2026-05-01,2026-07-01,42,2026-05-01,
CODX,WL,2017-07-12,2026-07-01,2217,2017-07-12,
COHU,WL,2005-02-25,2026-07-01,5369,2005-02-25,BORDE-COBERTURA
CPRX,WL,2006-11-07,2026-07-01,4913,2006-11-07,
CRDO,WL,2022-01-27,2026-07-01,1110,2022-01-27,
CRMD,WL,2010-05-13,2026-07-01,4013,2010-05-13,
CRNX,WL,2018-07-18,2026-07-01,1999,2018-07-18,
CRSP,WL,2016-10-19,2026-07-01,2436,2016-10-19,
CRUS,WL,2005-02-25,2026-07-01,5369,2005-02-25,BORDE-COBERTURA
CRVO,WL,2016-11-11,2026-07-01,2413,2016-11-11,
CSIQ,WL,2006-11-08,2026-07-01,4939,2006-11-08,
CSL,WL,2005-02-25,2026-07-01,5369,2005-02-25,BORDE-COBERTURA
D,WL,2000-01-03,2026-07-01,6663,1984-10-03,PROFUNDO
DCO,WL,2005-02-25,2026-07-01,5369,2005-02-25,BORDE-COBERTURA
DCTH,WL,2020-05-01,2026-07-01,1549,2020-05-01,
DE,WL,2000-01-03,2026-07-01,6661,1982-01-04,PROFUNDO
DELL,WL,2018-12-31,2026-07-01,1885,2018-12-31,
DFEN,WL,2017-05-04,2026-07-01,2302,2017-05-04,
DFLI,WL,2021-08-25,2026-07-01,1150,2021-08-25,
DFTX,WL,2021-04-28,2026-07-01,1300,2021-04-28,
DIOD,WL,2005-02-25,2026-07-01,5369,2005-02-25,BORDE-COBERTURA
DNLI,WL,2017-12-08,2026-07-01,2150,2017-12-08,
DOV,WL,2000-01-03,2026-07-01,6663,1985-07-01,PROFUNDO
DRAM,WL,2026-04-06,2026-07-01,61,2026-04-06,
DSGN,WL,2021-03-26,2026-07-01,1322,2021-03-26,
DY,WL,2005-02-25,2026-07-01,5369,2005-02-25,BORDE-COBERTURA
ECG,WL,2024-11-04,2026-07-01,414,2024-11-04,
ECHO,WL,2007-12-31,2026-07-01,4653,2007-12-31,
EDSA,WL,2015-11-05,2026-07-01,2677,2015-11-05,
EFOI,WL,2008-08-11,2026-07-01,4475,2008-08-11,
ELPW,WL,2024-11-25,2026-07-01,399,2024-11-25,
ELVA,WL,2023-07-07,2026-07-01,749,2023-07-07,
EME,WL,2005-02-25,2026-07-01,5369,2005-02-25,BORDE-COBERTURA
EMR,WL,2000-01-03,2026-07-01,6663,1982-01-04,PROFUNDO
ENPH,WL,2012-03-30,2026-07-01,3583,2012-03-30,
ENS,WL,2005-02-25,2026-07-01,5369,2005-02-25,BORDE-COBERTURA
ENVX,WL,2021-01-06,2026-07-01,1377,2021-01-06,
EOSE,WL,2020-06-04,2026-07-01,1522,2020-06-04,
ETN,WL,2000-01-03,2026-07-01,6661,1985-07-01,PROFUNDO
EUV,WL,2026-06-08,2026-07-01,17,2026-06-08,
EVMN,WL,2025-11-06,2026-07-01,162,2025-11-06,
EVTL,WL,2021-12-17,2026-07-01,1137,2021-12-17,
EXTR,WL,2005-02-25,2026-07-01,5369,2005-02-25,BORDE-COBERTURA
FAST,WL,2000-01-03,2026-07-01,6661,1990-03-26,PROFUNDO
FELE,WL,2005-02-25,2026-07-01,5369,2005-02-25,BORDE-COBERTURA
FERG,WL,2021-03-09,2026-07-01,1335,2021-03-09,
FISN,WL,2026-06-18,2026-07-01,9,2026-06-18,
FIX,WL,2005-02-25,2026-07-01,5369,2005-02-25,BORDE-COBERTURA
FLNC,WL,2021-10-28,2026-07-01,1172,2021-10-28,
FLR,WL,2000-12-22,2026-07-01,6414,2000-12-22,
FLS,WL,2005-02-25,2026-07-01,5369,2005-02-25,BORDE-COBERTURA
FLUX,WL,2020-08-17,2026-07-01,1475,2020-08-17,
FORM,WL,2005-02-25,2026-07-01,5369,2005-02-25,BORDE-COBERTURA
FOTO,WL,2026-06-01,2026-07-01,22,2026-06-01,
FSLR,WL,2006-11-16,2026-07-01,4933,2006-11-16,
FTAI,WL,2015-05-15,2026-07-01,2798,2015-05-15,
FTH,WL,2021-02-04,2026-07-01,1356,2021-02-04,
FTV,WL,2016-07-06,2026-07-01,2511,2016-07-06,
GALT,WL,2012-03-26,2026-07-01,3587,2012-03-26,
GD,WL,2000-01-03,2026-07-01,6661,1977-01-03,PROFUNDO
GE,WL,2000-01-03,2026-07-01,6660,1962-01-02,PROFUNDO
GEV,WL,2024-04-03,2026-07-01,563,2024-04-03,
GFS,WL,2021-10-28,2026-07-01,1172,2021-10-28,
GGG,WL,2005-02-25,2026-07-01,5369,2005-02-25,BORDE-COBERTURA
GH,WL,2018-10-04,2026-07-01,1943,2018-10-04,
GNOM,WL,2019-04-10,2026-07-01,1811,2019-04-10,
GNRC,WL,2010-02-10,2026-07-01,4121,2010-02-10,
GRC,WL,2005-02-25,2026-07-01,5369,2005-02-25,BORDE-COBERTURA
GRID,WL,2009-11-17,2026-07-01,4008,2009-11-17,
GSIT,WL,2007-03-28,2026-07-01,4843,2007-03-28,
GTES,WL,2018-01-25,2026-07-01,2119,2018-01-25,
GTLS,WL,2006-07-25,2026-07-01,5014,2006-07-25,
GVA,WL,2005-02-25,2026-07-01,5369,2005-02-25,BORDE-COBERTURA
GWW,WL,2000-01-03,2026-07-01,6663,1984-12-17,PROFUNDO
HEI,WL,2005-02-25,2026-07-01,5369,2005-02-25,BORDE-COBERTURA
HELX,WL,2020-03-02,2026-07-01,1500,2020-03-02,
HIMX,WL,2006-03-30,2026-07-01,5094,2006-03-30,
HOLO,WL,2021-08-09,2026-07-01,1225,2021-08-09,
HON,WL,2000-01-03,2026-07-01,6662,1970-01-02,PROFUNDO
HUBB,WL,2015-12-28,2026-07-01,2642,2015-12-28,
HWM,WL,2016-11-01,2026-07-01,2428,2016-11-01,
HXL,WL,2005-02-25,2026-07-01,5369,2005-02-25,BORDE-COBERTURA
HY,WL,2012-10-03,2026-07-01,3454,2012-10-03,
IBRX,WL,2015-07-28,2026-07-01,2748,2015-07-28,
ICCM,WL,2021-08-27,2026-07-01,1213,2021-08-27,
ICLN,WL,2008-06-25,2026-07-01,4531,2008-06-25,
IDNA,WL,2019-06-17,2026-07-01,1770,2019-06-17,
IDYA,WL,2019-05-23,2026-07-01,1786,2019-05-23,
IESC,WL,2006-05-15,2026-07-01,5012,2006-05-15,
IEX,WL,2005-02-25,2026-07-01,5369,2005-02-25,BORDE-COBERTURA
IHI,WL,2006-05-05,2026-07-01,5069,2006-05-05,
ILMN,WL,2005-02-25,2026-07-01,5369,2005-02-25,BORDE-COBERTURA
IMOS,WL,2011-03-03,2026-07-01,3854,2011-03-03,
INDI,WL,2021-06-14,2026-07-01,1268,2021-06-14,
INKT,WL,2021-10-15,2026-07-01,1180,2021-10-15,
INTC,WL,2000-01-03,2026-07-01,6663,1972-01-07,PROFUNDO
INVE,WL,2005-02-25,2026-07-01,5292,2005-02-25,BORDE-COBERTURA
IONS,WL,2005-02-25,2026-07-01,5367,2005-02-25,BORDE-COBERTURA
IOVA,WL,2010-05-26,2026-07-01,3743,2010-05-26,
IPGP,WL,2006-12-12,2026-07-01,4916,2006-12-12,
IPWR,WL,2013-11-22,2026-07-01,3166,2013-11-22,
IQST,WL,2025-05-15,2026-07-01,283,2025-05-15,
IR,WL,2017-05-12,2026-07-01,2296,2017-05-12,
IRDM,WL,2008-03-20,2026-07-01,4532,2008-03-20,
IRMD,WL,2014-07-16,2026-07-01,3008,,ALTA-POST-CENSO(fix IRAD->IRMD)
ISSC,WL,2005-02-25,2026-07-01,5350,2005-02-25,BORDE-COBERTURA
ITA,WL,2006-05-05,2026-07-01,5069,2006-05-05,
ITRN,WL,2005-09-27,2026-07-01,5221,2005-09-27,
ITT,WL,2000-01-03,2026-07-01,6661,1995-12-18,PROFUNDO
ITW,WL,2000-01-03,2026-07-01,6663,1987-11-05,PROFUNDO
IVA,WL,2020-07-10,2026-07-01,1483,2020-07-10,
J,WL,2005-02-25,2026-07-01,5369,2005-02-25,BORDE-COBERTURA
JCI,WL,2000-01-03,2026-07-01,6661,1987-12-30,PROFUNDO
JEDI,WL,2026-07-01,2026-07-01,1,2026-07-01,
JOBY,WL,2020-11-11,2026-07-01,1414,2020-11-11,
KLAC,WL,2000-01-03,2026-07-01,6661,1990-03-26,PROFUNDO
KOD,WL,2018-10-04,2026-07-01,1944,2018-10-04,
KOPN,WL,2005-02-25,2026-07-01,5369,2005-02-25,BORDE-COBERTURA
KRMN,WL,2025-02-13,2026-07-01,346,2025-02-13,
KRYS,WL,2017-09-20,2026-07-01,2205,2017-09-20,
KTOS,WL,2005-02-25,2026-07-01,5369,2005-02-25,BORDE-COBERTURA
KURA,WL,2015-11-05,2026-07-01,2677,2015-11-05,
LAES,WL,2023-05-22,2026-07-01,780,2023-05-22,
LASR,WL,2018-04-26,2026-07-01,2056,2018-04-26,
LEDS,WL,2010-12-13,2026-07-01,3909,2010-12-13,
LEU,WL,2000-01-03,2026-07-01,6658,1998-07-23,PROFUNDO
LFUS,WL,2005-02-25,2026-07-01,5369,2005-02-25,BORDE-COBERTURA
LGND,WL,2005-02-25,2026-07-01,5370,2005-02-25,BORDE-COBERTURA
LHX,WL,2005-02-25,2026-07-01,5369,2005-02-25,BORDE-COBERTURA
LII,WL,2005-02-25,2026-07-01,5369,2005-02-25,BORDE-COBERTURA
LINK,WL,2021-03-26,2026-07-01,1282,2021-03-26,
LIT,WL,2010-07-23,2026-07-01,4005,2010-07-23,
LITE,WL,2015-08-05,2026-07-01,2742,2015-08-05,
LMB,WL,2016-12-02,2026-07-01,2403,2016-12-02,
LMT,WL,2000-01-03,2026-07-01,6661,1977-01-03,PROFUNDO
LOAR,WL,2024-04-25,2026-07-01,547,2024-04-25,
LOGI,WL,2010-08-23,2026-07-01,3987,2010-08-23,
LRCX,WL,2000-01-03,2026-07-01,6656,1990-03-26,PROFUNDO
LRMR,WL,2014-06-19,2026-07-01,3026,2014-06-19,
LSCC,WL,2005-02-25,2026-07-01,5369,2005-02-25,BORDE-COBERTURA
LUNR,WL,2021-11-22,2026-07-01,1039,2021-11-22,
MCHP,WL,2000-01-03,2026-07-01,6663,1993-03-19,PROFUNDO
MDGL,WL,2007-02-05,2026-07-01,4881,2007-02-05,
MEI,WL,2005-02-25,2026-07-01,5369,2005-02-25,BORDE-COBERTURA
MGTX,WL,2018-06-08,2026-07-01,2026,2018-06-08,
MLTX,WL,2020-10-20,2026-07-01,1359,2020-10-20,
MMM,WL,2000-01-03,2026-07-01,6663,1970-01-02,PROFUNDO
MOBX,WL,2021-08-16,2026-07-01,943,2021-08-16,
MOD,WL,2005-02-25,2026-07-01,5369,2005-02-25,BORDE-COBERTURA
MOG-A,WL,2010-08-23,2026-07-01,3987,2010-08-23,
MPWR,WL,2005-02-25,2026-07-01,5369,2005-02-25,BORDE-COBERTURA
MRAM,WL,2016-10-07,2026-07-01,2445,2016-10-07,
MRVL,WL,2000-06-30,2026-07-01,6531,2000-06-30,
MSLE,WL,2026-02-06,2026-07-01,100,2026-02-06,
MSM,WL,2005-02-25,2026-07-01,5369,2005-02-25,BORDE-COBERTURA
MTSI,WL,2012-03-15,2026-07-01,3594,2012-03-15,
MTW,WL,2005-02-25,2026-07-01,5369,2005-02-25,BORDE-COBERTURA
MTZ,WL,2005-02-25,2026-07-01,5369,2005-02-25,BORDE-COBERTURA
MU,WL,2000-01-03,2026-07-01,6661,1989-05-16,PROFUNDO
MVIS,WL,2005-02-25,2026-07-01,5369,2005-02-25,BORDE-COBERTURA
MVST,WL,2019-03-28,2026-07-01,1768,2019-03-28,
MWA,WL,2006-05-25,2026-07-01,5055,2006-05-25,
MX,WL,2011-03-15,2026-07-01,3847,2011-03-15,
MXL,WL,2010-03-23,2026-07-01,4093,2010-03-23,
MYGN,WL,2005-02-25,2026-07-01,5369,2005-02-25,BORDE-COBERTURA
MYRG,WL,2008-08-12,2026-07-01,4494,2008-08-12,
NA,WL,2022-07-12,2026-07-01,994,2022-07-12,
NAMS,WL,2022-11-25,2026-07-01,901,2022-11-25,
NAUT,WL,2020-08-07,2026-07-01,1478,2020-08-07,
NDSN,WL,2005-02-25,2026-07-01,5369,2005-02-25,BORDE-COBERTURA
NEE,WL,2005-02-25,2026-07-01,5369,2005-02-25,BORDE-COBERTURA
NEON,WL,2012-05-02,2026-07-01,3560,2012-05-02,
NEOV,WL,2022-07-28,2026-07-01,985,2022-07-28,
NKLR,WL,2025-10-13,2026-07-01,180,2025-10-13,
NKTR,WL,2005-02-25,2026-07-01,5366,2005-02-25,BORDE-COBERTURA
NLR,WL,2007-08-15,2026-07-01,4655,2007-08-15,
NNE,WL,2024-05-08,2026-07-01,538,2024-05-08,
NNOX,WL,2020-08-21,2026-07-01,1471,2020-08-21,
NOC,WL,2000-01-03,2026-07-01,6663,1981-12-31,PROFUNDO
NOVT,WL,2005-02-25,2026-07-01,5370,2005-02-25,BORDE-COBERTURA
NPK,WL,2005-02-25,2026-07-01,5369,2005-02-25,BORDE-COBERTURA
NPWR,WL,2021-08-09,2026-07-01,1214,2021-08-09,
NRG,WL,2005-02-25,2026-07-01,5369,2005-02-25,BORDE-COBERTURA
NTAP,WL,2000-01-03,2026-07-01,6663,1995-11-21,PROFUNDO
NTLA,WL,2016-05-06,2026-07-01,2552,2016-05-06,
NTRA,WL,2015-07-02,2026-07-01,2765,2015-07-02,
NUKZ,WL,2024-01-25,2026-07-01,607,2024-01-25,
NUVB,WL,2020-08-27,2026-07-01,1464,2020-08-27,
NUVL,WL,2021-07-29,2026-07-01,1236,2021-07-29,
NVAX,WL,2005-02-25,2026-07-01,5368,2005-02-25,BORDE-COBERTURA
NVCT,WL,2022-02-04,2026-07-01,1102,2022-02-04,
NVDA,WL,2000-01-03,2026-07-01,6663,1999-01-22,PROFUNDO
NVEC,WL,2005-02-25,2026-07-01,5369,2005-02-25,BORDE-COBERTURA
NVT,WL,2018-05-03,2026-07-01,2051,2018-05-03,
NVTS,WL,2021-01-26,2026-07-01,1364,2021-01-26,
NVVE,WL,2020-05-01,2026-07-01,1507,2020-05-01,
NXPI,WL,2010-08-05,2026-07-01,3999,2010-08-05,
OKLO,WL,2021-07-08,2026-07-01,1223,2021-07-08,
OM,WL,2020-09-15,2026-07-01,1455,2020-09-15,
ON,WL,2005-02-25,2026-07-01,5369,2005-02-25,BORDE-COBERTURA
OSIS,WL,2005-02-25,2026-07-01,5369,2005-02-25,BORDE-COBERTURA
OSK,WL,2005-02-25,2026-07-01,5369,2005-02-25,BORDE-COBERTURA
OUST,WL,2020-10-19,2026-07-01,1427,2020-10-19,
PAVE,WL,2017-03-09,2026-07-01,2338,2017-03-09,
PBW,WL,2005-03-03,2026-07-01,5362,2005-03-03,
PCAR,WL,2000-01-03,2026-07-01,6661,1986-07-09,PROFUNDO
PEG,WL,2000-01-03,2026-07-01,6663,1980-01-02,PROFUNDO
PENG,WL,2017-05-24,2026-07-01,2288,2017-05-24,
PEPG,WL,2022-05-06,2026-07-01,1041,2022-05-06,
PGEN,WL,2013-08-08,2026-07-01,3243,2013-08-08,
PH,WL,2000-01-03,2026-07-01,6663,1985-07-01,PROFUNDO
PHO,WL,2005-12-06,2026-07-01,5172,2005-12-06,
PI,WL,2016-07-21,2026-07-01,2500,2016-07-21,
PKE,WL,2005-02-25,2026-07-01,5369,2005-02-25,BORDE-COBERTURA
PLUG,WL,2011-06-21,2026-07-01,3779,2011-06-21,
PMAX,WL,2024-09-05,2026-07-01,456,2024-09-05,
PNR,WL,2005-02-25,2026-07-01,5369,2005-02-25,BORDE-COBERTURA
POET,WL,2022-03-15,2026-07-01,1078,2022-03-15,
POW,WL,2025-10-28,2026-07-01,169,2025-10-28,
POWI,WL,2005-02-25,2026-07-01,5369,2005-02-25,BORDE-COBERTURA
POWL,WL,2005-02-25,2026-07-01,5369,2005-02-25,BORDE-COBERTURA
PPA,WL,2005-10-26,2026-07-01,5197,2005-10-26,
PPSI,WL,2013-09-20,2026-07-01,2900,2013-09-20,
PRIM,WL,2006-10-26,2026-07-01,4758,2006-10-26,
PRSO,WL,2005-02-25,2026-07-01,5369,2005-02-25,BORDE-COBERTURA
PRTA,WL,2012-12-26,2026-07-01,3398,2012-12-26,
PSNL,WL,2019-06-20,2026-07-01,1767,2019-06-20,
PTCT,WL,2013-06-20,2026-07-01,3276,2013-06-20,
PVLA,WL,2015-01-02,2026-07-01,2837,2015-01-02,
PWR,WL,2005-02-25,2026-07-01,5369,2005-02-25,BORDE-COBERTURA
PXLW,WL,2005-02-25,2026-07-01,5369,2005-02-25,BORDE-COBERTURA
QCOM,WL,2000-01-03,2026-07-01,6663,1991-12-16,PROFUNDO
QMCO,WL,2020-02-04,2026-07-01,1610,2020-02-04,
QRVO,WL,2015-02-10,2026-07-01,2864,2015-02-10,
QS,WL,2020-08-18,2026-07-01,1474,2020-08-18,
QTTB,WL,2018-03-28,2026-07-01,2076,2018-03-28,
QUIK,WL,2005-02-25,2026-07-01,5369,2005-02-25,BORDE-COBERTURA
QURE,WL,2014-02-05,2026-07-01,3119,2014-02-05,
RAYA,WL,2022-12-14,2026-07-01,879,2022-12-14,
RDW,WL,2021-09-07,2026-07-01,1209,2021-09-07,
RGNX,WL,2015-09-17,2026-07-01,2712,2015-09-17,
RKLB,WL,2020-11-27,2026-07-01,1403,2020-11-27,
RMBS,WL,2005-02-25,2026-07-01,5369,2005-02-25,BORDE-COBERTURA
RNAC,WL,2016-06-22,2026-07-01,2519,2016-06-22,
ROBO,WL,2013-10-25,2026-07-01,3188,2013-10-25,
ROK,WL,2000-01-03,2026-07-01,6660,1981-12-31,PROFUNDO
ROKT,WL,2018-10-24,2026-07-01,1897,2018-10-24,
ROP,WL,2005-02-25,2026-07-01,5369,2005-02-25,BORDE-COBERTURA
RRX,WL,2005-02-25,2026-07-01,5369,2005-02-25,BORDE-COBERTURA
RTX,WL,2000-01-03,2026-07-01,6662,1970-01-02,PROFUNDO
RUN,WL,2015-08-05,2026-07-01,2742,2015-08-05,
RVMD,WL,2020-02-13,2026-07-01,1603,2020-02-13,
SATL,WL,2022-01-27,2026-07-01,1110,2022-01-27,
SEDG,WL,2015-03-26,2026-07-01,2833,2015-03-26,
SENS,WL,2015-12-22,2026-07-01,2605,2015-12-22,
SHLD,WL,2023-09-15,2026-07-01,700,2023-09-15,
SHLS,WL,2021-01-27,2026-07-01,1363,2021-01-27,
SIDU,WL,2021-12-14,2026-07-01,1140,2021-12-14,
SIMO,WL,2005-06-29,2026-07-01,5283,2005-06-29,
SITM,WL,2019-11-21,2026-07-01,1659,2019-11-21,
SLAB,WL,2005-02-25,2026-07-01,5369,2005-02-25,BORDE-COBERTURA
SLDB,WL,2018-01-26,2026-07-01,2118,2018-01-26,
SLDP,WL,2021-05-25,2026-07-01,1279,2021-05-25,
SLS,WL,2011-10-27,2026-07-01,3689,2011-10-27,
SMCI,WL,2020-01-15,2026-07-01,1623,2020-01-15,
SMHX,WL,2024-08-30,2026-07-01,459,2024-08-30,
SMMT,WL,2015-03-05,2026-07-01,2819,2015-03-05,
SMR,WL,2020-12-10,2026-07-01,1394,2020-12-10,
SMTC,WL,2005-02-25,2026-07-01,5369,2005-02-25,BORDE-COBERTURA
SMTK,WL,2024-06-03,2026-07-01,516,2024-06-03,
SNDK,WL,2025-02-13,2026-07-01,346,2025-02-13,
SNDX,WL,2016-03-03,2026-07-01,2597,2016-03-03,
SOXL,WL,2010-03-11,2026-07-01,4101,2010-03-11,
SPCE,WL,2019-10-29,2026-07-01,1676,2019-10-29,
SPCX,WL,2026-06-12,2026-07-01,13,2026-06-12,
SPXC,WL,2005-02-25,2026-07-01,5369,2005-02-25,BORDE-COBERTURA
SRPT,WL,2005-02-25,2026-07-01,5367,2005-02-25,BORDE-COBERTURA
STRL,WL,2005-02-25,2026-07-01,5369,2005-02-25,BORDE-COBERTURA
STRO,WL,2018-09-27,2026-07-01,1949,2018-09-27,
STTK,WL,2020-10-12,2026-07-01,1436,2020-10-12,
STX,WL,2005-02-25,2026-07-01,5369,2005-02-25,BORDE-COBERTURA
SWKS,WL,2005-02-25,2026-07-01,5369,2005-02-25,BORDE-COBERTURA
SYM,WL,2021-03-09,2026-07-01,1332,2021-03-09,
SYNA,WL,2005-02-25,2026-07-01,5369,2005-02-25,BORDE-COBERTURA
TAN,WL,2008-04-15,2026-07-01,4581,2008-04-15,
TCMD,WL,2016-07-28,2026-07-01,2495,2016-07-28,
TDG,WL,2006-03-14,2026-07-01,5106,2006-03-14,
TE,WL,2021-07-08,2026-07-01,1240,2021-07-08,
TEL,WL,2007-06-14,2026-07-01,4791,2007-06-14,
TEM,WL,2024-06-14,2026-07-01,512,2024-06-14,
TEX,WL,2005-02-25,2026-07-01,5369,2005-02-25,BORDE-COBERTURA
TLN,WL,2024-07-10,2026-07-01,496,2024-07-10,
TOYO,WL,2024-07-03,2026-07-01,500,2024-07-03,
TSAT,WL,2021-11-22,2026-07-01,1155,2021-11-22,
TSEM,WL,2005-02-25,2026-07-01,5368,2005-02-25,BORDE-COBERTURA
TT,WL,2000-01-03,2026-07-01,6663,1985-07-01,PROFUNDO
TWST,WL,2018-10-31,2026-07-01,1925,2018-10-31,
TXG,WL,2019-09-12,2026-07-01,1709,2019-09-12,
TXN,WL,2000-01-03,2026-07-01,6659,1981-12-31,PROFUNDO
UFO,WL,2019-04-15,2026-07-01,1813,2019-04-15,
ULBI,WL,2005-02-25,2026-07-01,5365,2005-02-25,BORDE-COBERTURA
URA,WL,2010-11-10,2026-07-01,3931,2010-11-10,
UTHR,WL,2005-02-25,2026-07-01,5369,2005-02-25,BORDE-COBERTURA
VKTX,WL,2015-04-29,2026-07-01,2810,2015-04-29,
VRCA,WL,2018-06-15,2026-07-01,2021,2018-06-15,
VRDN,WL,2014-06-19,2026-07-01,3021,2014-06-19,
VRT,WL,2018-07-31,2026-07-01,1969,2018-07-31,
VST,WL,2017-05-11,2026-07-01,2297,2017-05-11,
VSTM,WL,2012-02-03,2026-07-01,3622,2012-02-03,
WATT,WL,2014-03-28,2026-07-01,3083,2014-03-28,
WCC,WL,2005-02-25,2026-07-01,5369,2005-02-25,BORDE-COBERTURA
WDC,WL,2005-02-25,2026-07-01,5369,2005-02-25,BORDE-COBERTURA
WKEY,WL,2019-12-30,2026-07-01,1563,2019-12-30,
WMS,WL,2014-07-25,2026-07-01,3001,2014-07-25,
WSO,WL,2005-02-25,2026-07-01,5369,2005-02-25,BORDE-COBERTURA
WTS,WL,2005-02-25,2026-07-01,5369,2005-02-25,BORDE-COBERTURA
XAR,WL,2011-10-04,2026-07-01,3581,2011-10-04,
XBI,WL,2006-02-06,2026-07-01,5131,2006-02-06,
XCH,WL,2024-09-10,2026-07-01,453,2024-09-10,
XHE,WL,2011-02-01,2026-07-01,3814,2011-02-01,
XPON,WL,2022-04-01,2026-07-01,1065,2022-04-01,
XSD,WL,2006-02-06,2026-07-01,5127,2006-02-06,
XYL,WL,2011-11-03,2026-07-01,3684,2011-11-03,
ZBRA,WL,2005-02-25,2026-07-01,5369,2005-02-25,BORDE-COBERTURA
ZNTL,WL,2020-04-03,2026-07-01,1568,2020-04-03,
ZOOZ,WL,2024-04-08,2026-07-01,552,2024-04-08,
ZURA,WL,2023-03-22,2026-07-01,822,2023-03-22,
ZVRA,WL,2021-01-11,2026-07-01,1373,2021-01-11,
ZYME,WL,2017-04-28,2026-07-01,2306,2017-04-28,
AIPO,BENCH,2025-07-28,2026-07-01,234,2025-07-28,
AIRR,BENCH,2014-03-13,2026-07-01,3089,2014-03-13,
ARKG,BENCH,2014-11-05,2026-07-01,2926,2014-11-05,
ARKK,BENCH,2014-11-05,2026-07-01,2921,2014-11-05,
ARKX,BENCH,2021-03-31,2026-07-01,1319,2021-03-31,
BOTZ,BENCH,2016-09-16,2026-07-01,2459,2016-09-16,
DBC,BENCH,2006-02-03,2026-07-01,5132,2006-02-03,
DFEN,BENCH,2017-05-04,2026-07-01,2302,2017-05-04,
DIA,BENCH,2005-02-25,2026-07-01,5369,2005-02-25,BORDE-COBERTURA
DRAM,BENCH,2026-04-06,2026-07-01,61,2026-04-06,
EEM,BENCH,2005-02-25,2026-07-01,5369,2005-02-25,BORDE-COBERTURA
EFA,BENCH,2005-02-25,2026-07-01,5369,2005-02-25,BORDE-COBERTURA
EFG,BENCH,2005-08-05,2026-07-01,5257,2005-08-05,
EFV,BENCH,2005-08-05,2026-07-01,5257,2005-08-05,
EUV,BENCH,2026-06-08,2026-07-01,17,2026-06-08,
EWG,BENCH,2005-02-25,2026-07-01,5369,2005-02-25,BORDE-COBERTURA
EWH,BENCH,2005-02-25,2026-07-01,5369,2005-02-25,BORDE-COBERTURA
EWJ,BENCH,2005-02-25,2026-07-01,5369,2005-02-25,BORDE-COBERTURA
EWL,BENCH,2005-02-25,2026-07-01,5369,2005-02-25,BORDE-COBERTURA
EWP,BENCH,2005-02-25,2026-07-01,5369,2005-02-25,BORDE-COBERTURA
EWQ,BENCH,2005-02-25,2026-07-01,5369,2005-02-25,BORDE-COBERTURA
EWT,BENCH,2005-02-25,2026-07-01,5369,2005-02-25,BORDE-COBERTURA
EWU,BENCH,2005-02-25,2026-07-01,5369,2005-02-25,BORDE-COBERTURA
EWY,BENCH,2005-02-25,2026-07-01,5369,2005-02-25,BORDE-COBERTURA
EWZ,BENCH,2005-02-25,2026-07-01,5369,2005-02-25,BORDE-COBERTURA
EZU,BENCH,2005-02-25,2026-07-01,5369,2005-02-25,BORDE-COBERTURA
FOTO,BENCH,2026-06-01,2026-07-01,22,2026-06-01,
FXI,BENCH,2005-02-25,2026-07-01,5369,2005-02-25,BORDE-COBERTURA
GDX,BENCH,2006-05-22,2026-07-01,5058,2006-05-22,
GLD,BENCH,2005-02-25,2026-07-01,5369,2005-02-25,BORDE-COBERTURA
GNOM,BENCH,2019-04-10,2026-07-01,1811,2019-04-10,
GRID,BENCH,2009-11-17,2026-07-01,4008,2009-11-17,
HELX,BENCH,2020-03-02,2026-07-01,1500,2020-03-02,
HYG,BENCH,2007-04-11,2026-07-01,4836,2007-04-11,
IBB,BENCH,2005-02-25,2026-07-01,5369,2005-02-25,BORDE-COBERTURA
ICLN,BENCH,2008-06-25,2026-07-01,4531,2008-06-25,
IDNA,BENCH,2019-06-17,2026-07-01,1770,2019-06-17,
IHI,BENCH,2006-05-05,2026-07-01,5069,2006-05-05,
IJH,BENCH,2005-02-25,2026-07-01,5369,2005-02-25,BORDE-COBERTURA
IJR,BENCH,2005-02-25,2026-07-01,5369,2005-02-25,BORDE-COBERTURA
ITA,BENCH,2006-05-05,2026-07-01,5069,2006-05-05,
IWD,BENCH,2005-02-25,2026-07-01,5369,2005-02-25,BORDE-COBERTURA
IWF,BENCH,2005-02-25,2026-07-01,5369,2005-02-25,BORDE-COBERTURA
IWM,BENCH,2005-02-25,2026-07-01,5369,2005-02-25,BORDE-COBERTURA
IWN,BENCH,2005-02-25,2026-07-01,5369,2005-02-25,BORDE-COBERTURA
IWO,BENCH,2005-02-25,2026-07-01,5369,2005-02-25,BORDE-COBERTURA
LIT,BENCH,2010-07-23,2026-07-01,4005,2010-07-23,
LQD,BENCH,2005-02-25,2026-07-01,5366,2005-02-25,BORDE-COBERTURA
MDY,BENCH,2005-02-25,2026-07-01,5366,2005-02-25,BORDE-COBERTURA
NLR,BENCH,2007-08-15,2026-07-01,4655,2007-08-15,
NUKZ,BENCH,2024-01-25,2026-07-01,607,2024-01-25,
PAVE,BENCH,2017-03-09,2026-07-01,2338,2017-03-09,
PBW,BENCH,2005-03-03,2026-07-01,5362,2005-03-03,
PHO,BENCH,2005-12-06,2026-07-01,5172,2005-12-06,
POW,BENCH,2025-10-28,2026-07-01,169,2025-10-28,
PPA,BENCH,2005-10-26,2026-07-01,5197,2005-10-26,
QQQ,BENCH,2000-01-03,2026-07-01,6663,1999-03-10,PROFUNDO
ROBO,BENCH,2013-10-25,2026-07-01,3188,2013-10-25,
ROKT,BENCH,2018-10-24,2026-07-01,1897,2018-10-24,
RSP,BENCH,2005-02-25,2026-07-01,5369,2005-02-25,BORDE-COBERTURA
SHLD,BENCH,2023-09-15,2026-07-01,700,2023-09-15,
SLV,BENCH,2006-04-28,2026-07-01,5074,2006-04-28,
SMH,BENCH,2005-02-25,2026-07-01,5369,2005-02-25,BORDE-COBERTURA
SMHX,BENCH,2024-08-30,2026-07-01,459,2024-08-30,
SOXL,BENCH,2010-03-11,2026-07-01,4101,2010-03-11,
SOXX,BENCH,2005-02-25,2026-07-01,5370,2005-02-25,BORDE-COBERTURA
SPY,BENCH,2005-02-25,2026-07-01,5369,2005-02-25,BORDE-COBERTURA
TAN,BENCH,2008-04-15,2026-07-01,4581,2008-04-15,
TLT,BENCH,2005-02-25,2026-07-01,5369,2005-02-25,BORDE-COBERTURA
UFO,BENCH,2019-04-15,2026-07-01,1813,2019-04-15,
UNG,BENCH,2007-04-18,2026-07-01,4831,2007-04-18,
URA,BENCH,2010-11-10,2026-07-01,3931,2010-11-10,
USO,BENCH,2006-04-10,2026-07-01,5087,2006-04-10,
UUP,BENCH,2007-02-20,2026-07-01,4870,2007-02-20,
VB,BENCH,2005-02-25,2026-07-01,5369,2005-02-25,BORDE-COBERTURA
VGK,BENCH,2005-03-10,2026-07-01,5360,2005-03-10,
VOO,BENCH,2010-09-14,2026-07-01,3972,2010-09-14,
VTI,BENCH,2005-02-25,2026-07-01,5369,2005-02-25,BORDE-COBERTURA
VTV,BENCH,2005-02-25,2026-07-01,5369,2005-02-25,BORDE-COBERTURA
VUG,BENCH,2005-02-25,2026-07-01,5369,2005-02-25,BORDE-COBERTURA
VXX,BENCH,2018-01-18,2026-07-01,2122,2018-01-18,
XAR,BENCH,2011-10-04,2026-07-01,3581,2011-10-04,
XBI,BENCH,2006-02-06,2026-07-01,5131,2006-02-06,
XHE,BENCH,2011-02-01,2026-07-01,3814,2011-02-01,
XLB,BENCH,2005-02-25,2026-07-01,5369,2005-02-25,BORDE-COBERTURA
XLC,BENCH,2018-06-21,2026-07-01,2017,2018-06-21,
XLE,BENCH,2005-02-25,2026-07-01,5369,2005-02-25,BORDE-COBERTURA
XLF,BENCH,2005-02-25,2026-07-01,5369,2005-02-25,BORDE-COBERTURA
XLI,BENCH,2005-02-25,2026-07-01,5369,2005-02-25,BORDE-COBERTURA
XLK,BENCH,2005-02-25,2026-07-01,5369,2005-02-25,BORDE-COBERTURA
XLP,BENCH,2005-02-25,2026-07-01,5369,2005-02-25,BORDE-COBERTURA
XLRE,BENCH,2015-10-08,2026-07-01,2693,2015-10-08,
XLU,BENCH,2005-02-25,2026-07-01,5369,2005-02-25,BORDE-COBERTURA
XLV,BENCH,2005-02-25,2026-07-01,5369,2005-02-25,BORDE-COBERTURA
XLY,BENCH,2005-02-25,2026-07-01,5369,2005-02-25,BORDE-COBERTURA
XSD,BENCH,2006-02-06,2026-07-01,5127,2006-02-06,
