date,open,close,chg_pct,gap_pct,vol,relvol,perf_1w,perf_1m,perf_3m,perf_6m,perf_ytd,rsi14,volatility_1m,atr14_pct,dist_sma50,dist_sma200,pct_52wh
2024-01-25,29.0,37.17,,,8824700,,,,,,0.0,,,33.23,,,
2024-01-26,36.0,35.03,-5.76,-3.15,1718915,,,,,,-5.76,0.0,,33.88,,,
2024-01-29,36.32,37.0,5.62,3.68,1089782,,,,,,-0.46,6.6,,30.35,,,
2024-01-30,35.68,36.5,-1.35,-3.57,1192459,,,,,,-1.8,6.5,,29.39,,,
2024-01-31,35.0,37.26,2.08,-4.11,2688889,,,,,,0.24,9.1,,27.55,,,
2024-02-01,37.14,37.95,1.85,-0.32,544636,,2.1,,,,2.1,11.6,,25.98,,,
2024-02-02,38.0,35.81,-5.64,0.13,394248,,2.23,,,,-3.66,10.6,,26.15,,,
2024-02-05,35.69,37.42,4.5,-0.34,189891,,1.14,,,,0.67,16.2,,23.68,,,
2024-02-06,37.83,37.03,-1.04,1.1,639480,,1.45,,,,-0.38,16.0,,22.93,,,
2024-02-07,37.15,40.52,9.42,0.32,759683,,8.75,,,,9.01,27.2,,20.3,,,
2024-02-08,41.5,39.02,-3.7,2.42,657293,,2.82,,,,4.98,25.6,,20.71,,,
2024-02-09,39.02,41.57,6.54,0.0,575698,,16.08,,,,11.84,32.8,,18.92,,,
2024-02-12,41.57,43.74,5.22,0.0,661113,,16.89,,,,17.68,38.3,,17.62,,,
2024-02-13,42.8,44.18,1.01,-2.15,522316,,19.31,,,,18.86,39.4,,16.82,,,
2024-02-14,45.21,43.42,-1.72,2.33,384260,,7.16,,,,16.81,38.1,,16.62,,,
2024-02-15,44.39,47.46,9.3,2.23,494830,,21.63,,,,27.68,47.6,,14.81,,,
2024-02-16,48.26,47.93,0.99,1.69,361356,,15.3,,,,28.95,48.5,,14.04,,,
2024-02-20,47.5,44.37,-7.43,-0.9,491218,,1.44,,,,19.37,42.1,,14.8,,,
2024-02-21,44.67,45.28,2.05,0.68,473948,,2.49,,,,21.82,44.1,,14.01,,,
2024-02-22,45.64,46.17,1.97,0.8,332117,0.29,6.33,,,,24.21,46.1,,13.14,,,-3.67
2024-02-23,46.44,43.61,-5.54,0.58,400027,0.55,-8.11,,,,17.33,41.5,,13.89,,,-9.01
2024-02-26,43.4,46.01,5.5,-0.48,299976,0.46,-4.01,23.78,,,23.78,46.9,4.94,12.74,,,-4.01
2024-02-27,46.21,46.35,0.74,0.43,227894,0.37,4.46,32.32,,,24.7,47.6,4.69,12.08,,,-3.3
2024-02-28,46.18,44.4,-4.21,-0.37,326704,0.57,-1.94,20.0,,,19.45,43.9,4.74,12.34,,,-7.36
2024-02-29,44.54,44.71,0.7,0.32,423600,0.92,-3.16,22.49,,,20.29,44.6,4.71,11.95,,,-6.72
2024-03-01,45.77,43.98,-1.63,2.37,459052,1.01,0.85,18.04,,,18.32,43.2,4.74,11.95,,,-8.24
2024-03-04,43.92,43.09,-2.02,-0.14,602420,1.3,-6.35,13.54,,,15.93,41.4,4.78,11.89,,,-10.1
2024-03-05,42.5,41.49,-3.71,-1.37,528850,1.1,-10.49,15.86,,,11.62,38.4,4.66,11.92,,,-13.44
2024-03-06,42.21,42.79,3.13,1.74,441194,0.94,-3.63,14.35,,,15.12,42.1,4.62,11.09,,,-10.72
2024-03-07,42.68,39.86,-6.85,-0.26,430273,0.95,-10.85,7.64,,,7.24,36.7,4.9,11.93,,,-16.84
2024-03-08,39.6,35.51,-10.91,-0.65,1416859,2.88,-19.26,-12.36,,,-4.47,30.5,5.05,13.92,,,-25.91
2024-03-11,35.04,35.0,-1.44,-1.32,915907,1.8,-18.77,-10.3,,,-5.84,29.8,5.0,13.82,,,-26.98
2024-03-12,35.01,35.67,1.91,0.03,828167,1.6,-14.03,-14.19,,,-4.04,31.9,4.77,12.83,,,-25.58
2024-03-13,35.69,39.79,11.55,0.06,622321,1.19,-7.01,-9.03,,,7.05,42.8,5.33,11.47,,,-16.98
2024-03-14,39.9,37.2,-6.51,0.28,729544,1.35,-6.67,-15.8,,,0.08,38.6,5.49,12.0,,,-22.39
2024-03-15,37.7,38.52,3.55,1.34,4981396,6.51,8.48,-11.29,,,3.63,41.7,5.56,11.23,,,-19.63
2024-03-18,38.0,38.11,-1.06,-1.35,449345,0.58,8.89,-19.7,,,2.53,41.0,5.09,10.79,,,-20.49
2024-03-19,38.15,39.7,4.17,0.1,678015,0.87,11.3,-17.17,,,6.81,44.9,5.19,10.17,,,-17.17
2024-03-20,38.9,39.05,-1.64,-2.02,432824,0.56,-1.86,-11.99,,,5.06,43.6,4.97,9.99,,,-18.53
2024-03-21,39.24,41.12,5.3,0.49,619653,0.78,10.54,-9.19,,,10.63,48.6,5.1,9.45,,,-14.21
2024-03-22,41.57,40.5,-1.51,1.09,800150,0.99,5.14,-12.28,,,8.96,47.2,5.08,9.29,,,-15.5
2024-03-25,40.45,40.76,0.64,-0.12,284164,0.35,6.95,-6.54,,,9.66,47.9,4.95,8.9,,,-14.96
2024-03-26,40.68,40.87,0.27,-0.2,425504,0.52,2.95,-11.17,,,9.95,48.2,4.78,8.47,,,-14.73
2024-03-27,41.25,41.0,0.32,0.93,295041,0.36,4.99,-11.54,,,10.3,48.5,4.78,8.09,,,-14.46
2024-03-28,40.96,43.9,7.07,-0.1,747532,0.9,6.76,-1.13,,,18.11,56.0,4.97,7.73,,,-8.41
2024-04-01,43.82,42.76,-2.6,-0.18,483977,0.58,5.58,-4.36,,,15.04,52.7,5.0,7.69,,,-10.79
2024-04-02,42.11,40.5,-5.29,-1.52,396009,0.48,-0.64,-7.91,,,8.96,47.0,5.11,7.98,,,-15.5
2024-04-03,40.25,38.39,-5.21,-0.62,283524,0.35,-6.07,-10.91,,,3.28,42.3,5.22,8.28,,,-19.9
2024-04-04,38.65,37.75,-1.67,0.68,358993,0.44,-7.93,-9.01,,,1.56,41.0,5.17,8.21,,,-21.24
2024-04-05,37.53,38.46,1.88,-0.58,181202,0.23,-12.39,-10.12,,,3.47,43.1,5.14,7.77,-5.54,,-19.76
2024-04-08,38.71,39.15,1.79,0.65,339130,0.46,-8.44,-1.78,,,5.33,45.2,4.93,7.5,-3.93,,-18.32
2024-04-09,39.33,39.02,-0.33,0.46,238365,0.34,-3.65,9.88,,,4.98,44.9,4.25,7.19,-4.44,,-18.59
2024-04-10,38.0,38.5,-1.33,-2.61,596590,0.86,0.29,10.0,,,3.58,43.5,4.25,7.09,-5.78,,-19.67
2024-04-11,38.64,39.85,3.51,0.36,220302,0.33,5.56,11.72,,,7.21,47.9,4.29,6.72,-2.64,,-16.86
2024-04-12,39.78,39.75,-0.25,-0.18,660283,0.98,3.35,-0.1,,,6.94,47.6,3.48,6.5,-3.0,,-17.07
2024-04-15,39.43,37.64,-5.31,-0.81,370799,0.84,-3.86,1.18,,,1.26,41.7,3.38,6.92,-8.14,,-21.47
2024-04-16,37.06,36.47,-3.11,-1.54,216566,0.5,-6.54,-5.32,,,-1.88,38.8,3.35,7.03,-11.02,,-23.91
2024-04-17,36.57,36.41,-0.16,0.27,305821,0.74,-5.43,-4.46,,,-2.04,38.7,3.35,6.83,-11.12,,-24.04
2024-04-18,36.29,35.32,-2.99,-0.33,211578,0.53,-11.37,-11.03,,,-4.98,36.0,3.25,6.97,-13.71,,-26.31
2024-04-19,35.01,35.34,0.06,-0.88,176014,0.46,-11.09,-9.5,,,-4.92,36.1,3.24,6.81,-13.44,,-26.27
2024-04-22,35.4,33.54,-5.09,0.17,278123,0.79,-10.89,-18.43,,,-9.77,31.9,3.11,7.22,-17.63,,-30.02
2024-04-23,33.55,36.31,8.26,0.03,422646,1.17,-0.44,-10.35,,,-2.31,42.9,3.69,6.94,-10.6,,-24.24
2024-04-24,36.29,36.05,-0.72,-0.06,292352,0.83,-0.99,-11.56,,,-3.01,42.2,3.69,6.73,-10.9,,-24.79
2024-04-25,35.78,36.2,0.42,-0.75,183717,0.53,2.49,-11.43,-2.61,,-2.61,42.8,3.69,6.6,-10.18,,-24.47
2024-04-26,36.93,41.0,13.26,2.02,819590,2.33,16.02,0.0,17.04,,10.3,57.4,4.76,6.28,1.86,,-14.46
2024-04-29,41.2,43.32,5.66,0.49,436062,1.25,29.16,-1.32,17.08,,16.55,62.4,4.66,6.17,7.84,,-9.62
2024-04-30,42.74,40.19,-7.23,-1.34,934245,2.48,10.69,-6.01,10.11,,8.12,53.3,4.9,6.89,0.44,,-16.15
2024-05-01,40.51,40.62,1.07,0.8,266545,0.71,12.68,0.3,9.02,,9.28,54.3,4.76,6.87,1.7,,-15.25
2024-05-02,41.16,39.5,-2.76,1.33,639036,1.64,9.12,2.89,4.08,,6.27,51.3,4.65,7.3,-0.81,,-17.59
2024-05-03,40.25,36.27,-8.18,1.9,2443166,4.86,-11.54,-3.92,1.28,,-2.42,43.7,4.99,10.68,-8.47,,-24.33
2024-05-06,37.01,35.1,-3.23,2.04,1455301,2.61,-18.98,-8.74,-6.2,,-5.57,41.3,5.02,11.0,-11.04,,-26.77
2024-05-07,36.38,33.95,-3.28,3.65,822295,1.4,-15.53,-13.28,-8.32,,-8.66,39.1,5.03,11.22,-13.43,,-29.17
2024-05-08,33.53,32.43,-4.48,-1.24,702871,1.19,-20.16,-16.89,-19.97,,-12.75,36.2,5.1,11.58,-16.71,,-32.34
2024-05-09,32.89,30.02,-7.43,1.42,694145,1.13,-24.0,-22.03,-23.07,,-19.24,32.3,5.31,12.4,-22.33,,-37.37
2024-05-10,30.01,28.5,-5.06,-0.03,762412,1.23,-21.42,-28.48,-31.44,,-23.33,30.0,5.27,12.64,-25.63,,-40.54
2024-05-13,29.0,25.84,-9.33,1.75,948639,1.46,-26.38,-34.99,-40.92,,-30.48,26.6,5.53,13.92,-31.93,,-46.09
2024-05-14,27.8,27.32,5.73,7.59,1448007,2.03,-19.53,-27.42,-38.16,,-26.5,31.3,5.71,13.18,-27.43,,-43.0
2024-05-15,27.89,28.01,2.53,2.09,910276,1.23,-13.63,-23.2,-35.49,,-24.64,33.5,5.76,12.48,-25.06,,-41.56
2024-05-16,28.01,30.97,10.57,0.0,882035,1.14,3.16,-14.94,-34.75,,-16.68,41.9,6.29,11.49,-16.61,,-35.38
2024-05-17,31.69,29.98,-3.2,2.32,603246,0.76,5.19,-15.12,-37.45,,-19.34,40.1,6.3,11.6,-18.85,,-37.45
2024-05-20,29.62,29.73,-0.83,-1.2,334318,0.42,15.05,-15.87,-33.0,,-20.02,39.6,6.3,11.34,-19.27,,-37.97
2024-05-21,29.57,28.97,-2.56,-0.54,595873,0.74,6.04,-13.63,-36.02,,-22.06,38.2,6.23,11.23,-21.08,,-39.56
2024-05-22,29.06,30.81,6.35,0.31,520242,0.63,10.0,-15.15,-33.27,,-17.11,43.6,6.11,10.33,-15.84,,-35.72
2024-05-23,31.33,29.99,-2.66,1.69,1385761,1.57,-3.16,-16.81,-31.23,,-19.32,41.8,6.13,10.53,-17.64,,-37.43
2024-05-24,30.0,32.71,9.07,0.03,888875,1.01,9.11,-9.64,-28.91,,-12.0,49.2,6.48,9.73,-9.95,,-31.75
2024-05-28,32.99,32.43,-0.86,0.86,776635,0.86,9.08,-20.9,-30.03,,-12.75,48.5,5.69,9.77,-10.42,,-32.34
2024-05-29,31.94,32.4,-0.09,-1.51,393040,0.45,11.84,-25.21,-27.03,,-12.83,48.4,5.49,9.41,-10.22,,-32.4
2024-05-30,33.01,34.29,5.83,1.88,572232,0.64,11.3,-14.68,-23.31,,-7.75,53.5,5.52,8.82,-4.69,,-28.46
2024-05-31,32.76,32.58,-4.99,-4.46,1533992,1.64,8.64,-19.79,-25.92,,-12.35,48.8,5.59,9.19,-9.12,,-32.03
2024-06-03,32.84,36.02,10.56,0.8,770912,0.91,10.12,-8.81,-16.41,,-3.09,56.9,6.1,8.62,0.76,,-24.85
2024-06-04,36.04,35.26,-2.11,0.06,631532,0.78,8.73,-2.78,-15.02,,-5.14,54.9,5.84,8.58,-1.07,,-26.43
2024-06-05,35.52,36.0,2.1,0.74,576670,0.72,11.11,2.56,-15.87,,-3.15,56.5,5.81,8.13,1.27,,-24.89
2024-06-06,35.98,34.9,-3.06,-0.06,710655,0.89,1.78,2.8,-12.44,,-6.11,53.4,5.8,8.34,-1.49,,-27.19
2024-06-07,34.69,34.9,0.0,-0.6,410582,0.52,7.12,7.62,-1.72,,-6.11,53.4,5.7,8.08,-1.15,,-27.19
2024-06-10,34.63,35.22,0.92,-0.77,342429,0.45,-2.22,17.32,0.63,,-5.25,54.2,5.4,7.93,0.25,,-26.52
2024-06-11,34.71,35.2,-0.06,-1.45,284240,0.39,-0.17,23.51,-1.32,,-5.3,54.2,5.23,7.71,0.62,,-26.56
2024-06-12,36.16,35.51,0.88,2.73,581291,0.85,-1.36,37.42,-10.76,,-4.47,55.1,4.66,7.52,1.8,,-25.91
2024-06-13,35.4,34.81,-1.97,-0.31,360470,0.55,-0.26,27.42,-6.42,,-6.35,52.5,4.62,7.48,-0.0,,-27.37
2024-06-14,34.46,34.66,-0.43,-1.01,502034,0.79,-0.69,23.74,-10.02,,-6.75,52.0,4.62,7.28,-0.25,,-27.69
2024-06-17,34.57,33.73,-2.68,-0.26,805595,1.24,-4.23,8.91,-11.49,,-9.25,48.5,4.15,7.35,-2.67,,-29.63
2024-06-18,33.73,33.89,0.47,0.0,425811,0.65,-3.72,13.04,-14.63,,-8.82,49.1,4.06,7.15,-1.91,,-29.29
2024-06-20,33.9,32.11,-5.25,0.03,892625,1.34,-9.57,8.01,-17.77,,-13.61,42.9,4.25,7.75,-6.69,,-33.01
2024-06-21,32.11,31.43,-2.12,0.0,2023896,2.72,-9.71,8.49,-23.57,,-15.44,40.7,4.24,7.78,-8.28,,-34.43
2024-06-24,30.85,31.9,1.5,-1.85,367524,0.53,-7.96,3.54,-21.23,,-14.18,42.8,4.03,7.5,-6.48,,-33.44
2024-06-25,31.83,31.43,-1.47,-0.22,289669,0.44,-6.82,4.8,-22.89,,-15.44,41.3,4.0,7.29,-7.41,,-34.43
2024-06-26,31.14,30.52,-2.9,-0.92,314432,0.49,-9.94,-6.7,-25.32,,-17.89,38.3,3.51,7.31,-9.71,,-36.32
2024-06-27,30.52,30.25,-0.88,0.0,449868,0.7,-5.79,-6.72,-26.22,,-18.62,37.4,3.51,7.31,-10.18,,-36.89
2024-06-28,31.66,31.57,4.36,4.66,1183816,1.76,0.45,-2.56,-28.09,,-15.07,44.0,3.65,6.88,-5.99,,-34.13
2024-07-01,31.46,31.72,0.48,-0.35,501673,0.81,-0.56,-7.49,-25.82,,-14.66,44.8,3.39,6.61,-5.34,,-33.82
2024-07-02,31.28,31.32,-1.26,-1.39,370849,0.62,-0.35,-3.87,-22.67,,-15.74,43.2,3.23,6.42,-6.3,,-34.65
2024-07-03,31.5,30.83,-1.56,0.57,332938,0.57,1.02,-14.41,-19.69,,-17.06,41.3,2.12,6.4,-7.62,,-35.68
2024-07-05,30.69,31.88,3.41,-0.45,205040,0.36,5.39,-9.59,-15.55,,-14.23,46.7,2.27,6.05,-4.22,,-33.49
2024-07-08,31.93,32.04,0.5,0.16,266692,0.49,1.49,-11.0,-16.69,,-13.8,47.5,2.21,5.96,-3.51,,-33.15
2024-07-09,31.93,32.11,0.22,-0.34,268912,0.5,1.23,-7.99,-17.98,,-13.61,47.9,2.13,5.73,-3.06,,-33.01
2024-07-10,32.11,32.81,2.18,0.0,371279,0.69,4.76,-5.99,-15.91,,-11.73,51.6,2.2,5.49,-0.45,,-31.55
2024-07-11,33.5,34.46,5.03,2.1,348545,0.64,11.77,-2.16,-10.49,,-7.29,58.9,2.48,5.23,5.12,,-28.1
2024-07-12,34.94,35.41,2.76,1.39,537182,0.99,11.07,0.6,-11.14,,-4.74,62.5,2.56,5.05,8.33,,-26.12
2024-07-15,35.92,36.66,3.53,1.44,388422,0.72,14.42,3.24,-7.77,,-1.37,66.5,2.66,5.12,12.43,,-23.51
2024-07-16,36.81,37.65,2.7,0.41,487105,0.9,17.25,8.16,0.03,,1.29,69.4,2.67,5.06,15.6,,-21.45
2024-07-17,37.92,38.2,1.46,0.72,869775,1.6,16.43,10.21,4.74,,2.77,70.9,2.67,5.0,17.15,,-20.3
2024-07-18,38.27,36.72,-3.87,0.18,386493,0.71,6.56,8.86,0.85,,-1.21,62.2,2.75,5.27,12.5,,-23.39
2024-07-19,36.72,35.22,-4.08,0.0,272695,0.53,-0.54,3.92,-0.28,,-5.25,54.8,2.92,5.69,7.82,,-26.52
2024-07-22,36.13,34.83,-1.11,2.58,537710,1.23,-4.99,8.47,-1.44,,-6.3,53.1,2.66,5.86,6.47,,-27.33
2024-07-23,34.21,34.3,-1.52,-1.78,1987384,3.83,-8.9,9.13,2.27,,-7.72,50.7,2.64,5.85,4.57,,-28.44
2024-07-24,34.3,33.2,-3.21,0.0,717547,1.33,-13.09,4.08,-8.57,,-10.68,46.1,2.74,6.04,0.93,,-30.73
2024-07-25,33.18,32.99,-0.63,-0.06,662568,1.19,-10.16,4.96,-8.49,,-11.25,45.2,2.72,6.11,-0.14,,-31.17
2024-07-26,33.44,33.07,0.24,1.36,581947,1.03,-6.1,8.36,-8.65,-11.03,-11.03,45.6,2.63,5.95,-0.25,,-31.0
2024-07-29,33.0,31.33,-5.26,-0.21,660123,1.23,-10.05,3.57,-23.59,-10.56,-15.71,38.8,2.89,6.44,-5.68,,-34.63
2024-07-30,31.06,30.78,-1.76,-0.86,650000,1.19,-10.26,-2.5,-28.95,-16.81,-17.19,37.0,2.76,6.43,-7.33,,-35.78
2024-07-31,30.78,33.35,8.35,0.0,994449,1.73,0.45,5.14,-17.02,-8.63,-10.28,49.3,3.32,6.25,0.2,,-30.42
2024-08-01,33.01,33.84,1.47,-1.02,1030217,1.69,2.58,8.05,-16.69,-9.18,-8.96,51.2,3.31,6.13,1.43,,-29.4
2024-08-02,32.43,32.6,-3.66,-4.17,676742,1.07,-1.42,5.74,-17.47,-14.1,-12.29,46.4,3.4,6.45,-2.5,,-31.98
2024-08-05,30.0,31.01,-4.88,-7.98,784134,1.19,-1.02,-2.73,-14.5,-13.4,-16.57,41.0,3.5,7.12,-7.27,,-35.3
2024-08-06,30.56,32.43,4.58,-1.45,679864,1.0,5.36,1.22,-7.61,-13.34,-12.75,46.9,3.65,7.01,-3.16,,-32.34
2024-08-07,32.89,31.06,-4.22,1.42,426005,0.62,-6.87,-3.27,-8.51,-16.12,-16.44,42.5,3.77,7.27,-7.16,,-35.2
2024-08-08,31.02,33.24,7.02,-0.13,360358,0.53,-1.77,1.31,2.5,-17.97,-10.57,50.5,4.05,6.86,-0.7,,-30.65
2024-08-09,33.59,33.63,1.17,1.05,253842,0.38,3.16,-2.41,12.03,-13.81,-9.52,51.8,3.9,6.68,0.4,,-29.84
2024-08-12,33.83,32.9,-2.17,0.59,295513,0.44,6.09,-7.09,15.44,-20.86,-11.49,49.2,3.87,6.7,-1.7,,-31.36
2024-08-13,33.14,33.51,1.85,0.73,468988,0.71,3.33,-8.59,29.68,-23.39,-9.85,51.4,3.81,6.35,0.07,,-30.09
2024-08-14,33.35,33.23,-0.84,-0.48,371744,0.58,6.99,-11.74,21.63,-24.78,-10.6,50.3,3.74,6.22,-0.61,,-30.67
2024-08-15,34.0,34.4,3.52,2.32,572927,0.88,3.49,-9.95,22.81,-20.77,-7.45,54.6,3.83,5.87,2.95,,-28.23
2024-08-16,34.43,34.22,-0.52,0.09,468517,0.71,1.75,-6.81,10.49,-27.9,-7.94,53.8,3.74,5.78,2.52,,-28.6
2024-08-19,34.36,36.08,5.44,0.41,324735,0.5,9.67,2.44,20.35,-24.72,-2.93,60.0,3.83,5.54,8.01,,-24.72
2024-08-20,36.0,35.47,-1.69,-0.22,414983,0.73,5.85,1.84,19.31,-20.06,-4.57,57.3,3.85,5.59,6.15,,-26.0
2024-08-21,35.92,36.56,3.07,1.27,358036,0.65,10.02,6.59,26.2,-19.26,-1.64,60.8,3.88,5.42,9.33,,-23.72
2024-08-22,36.74,35.93,-1.72,0.49,298012,0.56,4.45,8.22,16.62,-22.18,-3.34,57.9,3.82,5.39,7.39,,-25.04
2024-08-23,36.29,37.02,3.03,1.0,439455,0.83,8.18,12.22,23.44,-15.11,-0.4,61.3,3.85,5.21,10.55,,-22.76
2024-08-26,37.54,37.74,1.94,1.4,596921,1.14,4.6,14.12,15.38,-17.97,1.53,63.4,3.86,4.96,12.51,,-21.26
2024-08-27,37.66,36.51,-3.26,-0.21,338423,0.67,2.93,16.53,12.58,-21.23,-1.78,57.6,3.73,5.1,8.72,,-23.83
2024-08-28,37.41,36.79,0.77,2.47,289500,0.61,0.63,19.53,13.55,-17.14,-1.02,58.5,3.68,4.95,9.35,,-23.24
2024-08-29,36.56,36.68,-0.3,-0.63,1521635,3.06,2.09,9.99,6.97,-17.96,-1.32,58.0,3.27,5.06,8.85,,-23.47
2024-08-30,36.81,36.88,0.55,0.35,566079,1.15,-0.38,8.98,13.2,-16.14,-0.78,58.7,3.26,4.9,9.13,,-23.05
2024-09-03,36.35,35.37,-4.09,-1.44,364795,0.78,-6.28,8.5,-1.8,-17.92,-4.84,51.3,3.29,5.13,4.42,,-26.2
2024-09-04,35.31,36.49,3.17,-0.17,367463,0.81,-0.05,17.67,3.49,-12.05,-1.83,55.8,3.11,4.97,7.43,,-23.87
2024-09-05,36.59,37.56,2.93,0.27,424330,0.93,2.09,15.82,4.33,-12.22,1.05,59.6,3.03,4.84,10.19,,-21.64
2024-09-06,37.9,38.05,1.3,0.91,798507,1.68,3.74,22.5,9.03,-4.54,2.37,61.2,2.8,4.74,11.13,,-20.61
2024-09-09,38.56,37.93,-0.32,1.34,744897,1.49,2.85,14.11,8.68,6.81,2.04,60.6,2.45,4.89,10.29,,-20.86
2024-09-10,38.0,36.12,-4.77,0.18,684091,1.31,2.12,7.4,2.56,3.2,-2.82,51.7,2.72,5.29,4.75,,-24.64
2024-09-11,36.22,36.5,1.05,0.28,480927,0.92,0.03,10.94,3.69,2.33,-1.8,53.2,2.66,5.17,5.56,,-23.85
2024-09-12,36.49,34.83,-4.58,-0.03,667360,1.24,-7.27,3.94,-1.91,-12.47,-6.3,46.2,2.86,5.53,0.52,,-27.33
2024-09-13,35.24,34.8,-0.09,1.18,1193954,2.11,-8.54,4.72,-0.03,-6.45,-6.38,46.1,2.85,5.52,0.21,,-27.39
2024-09-16,34.71,37.0,6.32,-0.26,1454498,2.36,-2.45,7.56,6.75,-3.95,-0.46,55.1,3.07,5.73,6.23,,-22.8
2024-09-17,37.01,37.75,2.03,0.03,787425,1.23,4.51,10.32,11.92,-0.94,1.56,57.7,3.08,5.65,8.03,,-21.24
2024-09-18,37.84,37.06,-1.83,0.24,1385763,2.01,1.53,2.72,9.35,-6.65,-0.3,54.6,2.9,5.65,5.75,,-22.68
2024-09-19,38.09,39.11,5.53,2.78,1796202,2.36,12.29,10.26,21.8,0.15,5.22,61.3,3.09,5.44,11.2,,-18.4
2024-09-20,39.0,39.0,-0.28,-0.28,7543646,6.72,12.07,6.67,24.09,-5.16,4.92,60.8,3.04,5.3,10.61,,-18.63
2024-09-23,40.0,38.34,-1.69,2.56,1094024,0.95,3.62,6.71,20.19,-5.33,3.15,57.6,3.04,5.35,8.55,,-20.01
2024-09-24,38.0,36.52,-4.75,-0.89,1095923,0.93,-3.26,-1.35,16.19,-10.4,-1.75,49.9,3.17,5.63,3.41,,-23.81
2024-09-25,36.52,36.2,-0.88,0.0,513128,0.43,-2.32,-4.08,18.61,-11.43,-2.61,48.7,3.14,5.55,2.59,,-24.47
2024-09-26,36.62,36.78,1.6,1.16,456724,0.38,-5.96,0.74,21.59,-10.29,-1.05,51.0,3.08,5.27,4.31,,-23.26
2024-09-27,37.5,37.87,2.96,1.96,530852,0.46,-2.9,2.94,19.96,-13.74,1.88,55.2,3.14,5.05,7.34,,-20.99
2024-09-30,37.34,37.73,-0.37,-1.4,470152,0.41,-1.59,2.86,18.95,-11.76,1.51,54.6,3.14,5.02,6.79,,-21.28
2024-10-01,37.55,36.9,-2.2,-0.48,493978,0.43,1.04,0.05,17.82,-8.89,-0.73,50.8,3.18,5.05,4.32,,-23.01
2024-10-02,36.46,36.4,-1.36,-1.19,284815,0.25,0.55,2.91,18.07,-5.18,-2.07,48.6,3.06,4.97,2.78,,-24.06
2024-10-03,36.14,35.96,-1.21,-0.71,381327,0.33,-2.23,-1.45,12.8,-4.74,-3.26,46.7,2.99,4.86,1.38,,-24.97
2024-10-04,36.63,36.63,1.86,1.86,548461,0.49,-3.27,-2.48,14.33,-4.76,-1.45,49.9,2.95,4.64,3.06,,-23.58
2024-10-07,36.44,35.48,-3.14,-0.52,329364,0.3,-5.96,-6.75,10.5,-9.37,-4.55,44.9,3.0,4.71,-0.31,,-25.98
2024-10-08,35.42,34.82,-1.86,-0.17,465931,0.42,-5.64,-8.2,6.13,-10.76,-6.32,42.3,3.02,4.82,-2.36,,-27.35
2024-10-09,34.69,34.72,-0.29,-0.37,309565,0.28,-4.62,-3.88,0.75,-9.82,-6.59,41.9,2.85,4.76,-2.85,,-27.56
2024-10-10,34.16,34.48,-0.69,-1.61,363605,0.34,-4.12,-5.53,-2.63,-13.48,-7.24,40.9,2.84,4.78,-3.59,,-28.06
2024-10-11,34.48,36.09,4.67,0.0,397844,0.38,-1.47,3.62,-1.55,-9.21,-2.91,49.6,2.85,4.58,0.79,,-24.7
2024-10-14,35.81,37.52,3.96,-0.78,441464,0.45,5.75,7.82,-0.35,-0.32,0.94,55.8,2.96,4.5,4.5,,-21.72
2024-10-15,37.53,37.2,-0.85,0.03,474855,0.49,6.84,0.54,-2.62,2.0,0.08,54.2,2.64,4.55,3.25,,-22.39
2024-10-16,37.68,37.05,-0.4,1.29,533031,0.58,6.71,-1.85,0.9,1.76,-0.32,53.4,2.6,4.5,2.57,,-22.7
2024-10-17,37.33,36.76,-0.78,0.76,357435,0.42,6.61,-0.81,4.37,4.08,-1.1,51.8,2.58,4.42,1.45,,-23.3
2024-10-18,36.89,36.44,-0.87,0.35,420264,0.84,0.97,-6.83,4.62,3.11,-1.96,50.1,2.25,4.38,0.39,,-23.97
2024-10-21,36.23,36.71,0.74,-0.58,316474,0.69,-2.16,-5.87,7.03,9.45,-1.24,51.6,2.26,4.27,0.96,,-23.41
2024-10-22,36.57,36.98,0.74,-0.38,329909,0.78,-0.59,-3.55,11.39,1.85,-0.51,53.1,2.24,4.21,1.47,,-22.85
2024-10-23,36.81,35.61,-3.7,-0.46,594943,1.4,-3.89,-2.49,7.94,-1.22,-4.2,45.5,2.15,4.52,-2.4,,-25.7
2024-10-24,36.89,36.45,2.36,3.59,226410,0.55,-0.84,0.69,10.22,0.69,-1.94,50.2,2.2,4.35,-0.27,,-23.95
2024-10-25,36.68,36.38,-0.19,0.63,227710,0.57,-0.16,-1.09,16.12,-11.27,-2.13,49.8,2.17,4.2,-0.57,,-24.1
2024-10-28,36.99,37.29,2.5,1.68,243593,0.63,1.58,-1.53,21.15,-13.92,0.32,54.7,2.14,4.07,1.74,,-22.2
2024-10-29,37.07,36.19,-2.95,-0.59,191136,0.51,-2.14,-4.08,8.52,-9.95,-2.64,48.5,2.24,4.27,-1.26,,-24.49
2024-10-30,36.03,36.32,0.36,-0.44,187715,0.51,1.99,-1.57,7.33,-10.59,-2.29,49.3,2.19,4.12,-0.95,,-24.22
2024-10-31,36.39,35.53,-2.18,0.19,379560,1.03,-2.52,-2.39,8.99,-10.05,-4.41,45.1,2.22,4.16,-3.05,,-25.87
2024-11-01,35.69,35.91,1.07,0.45,361851,1.01,-1.29,-0.14,15.8,-0.99,-3.39,47.4,2.22,4.12,-2.02,,-25.08
2024-11-04,35.8,36.78,2.42,-0.31,344814,0.96,-1.37,0.41,13.41,4.79,-1.05,52.3,2.25,4.08,0.37,,-23.26
2024-11-05,36.75,36.93,0.41,-0.08,290557,0.83,2.04,4.09,18.9,8.78,-0.65,53.1,2.12,4.04,0.82,,-22.95
2024-11-06,38.0,38.69,4.77,2.9,658199,1.79,6.53,11.11,16.4,19.3,4.09,61.5,2.29,4.08,5.5,,-19.28
2024-11-07,38.6,39.06,0.96,-0.23,350111,0.96,9.94,12.5,16.15,30.11,5.08,63.0,2.28,4.04,6.38,7.21,-18.51
2024-11-08,38.96,39.94,2.25,-0.26,279002,0.77,11.22,15.84,21.4,40.14,7.45,66.3,2.29,3.9,8.59,9.59,-16.67
2024-11-11,40.44,39.69,-0.63,1.25,560540,1.53,7.91,9.98,18.44,53.6,6.78,64.5,2.12,3.81,7.74,8.83,-17.19
2024-11-12,39.68,36.98,-6.83,-0.03,528363,1.43,0.14,-1.44,11.28,35.36,-0.51,49.1,2.5,4.38,0.3,1.4,-22.85
2024-11-13,37.45,35.15,-4.95,1.27,404222,1.11,-9.15,-5.51,2.18,25.49,-5.43,41.9,2.72,4.89,-4.6,-3.6,-26.66
2024-11-14,35.06,35.5,1.0,-0.26,702068,1.85,-9.11,-4.18,3.74,14.63,-4.49,43.6,2.73,4.75,-3.54,-2.62,-25.93
2024-11-15,35.83,32.9,-7.34,0.93,754729,1.9,-17.64,-10.51,-8.83,9.72,-11.5,35.2,3.15,5.48,-10.37,-9.7,-31.37
2024-11-18,33.05,33.21,0.96,0.47,464575,1.15,-16.33,-8.86,-6.37,11.71,-10.65,36.8,3.16,5.37,-9.27,-8.8,-30.71
2024-11-19,32.92,32.8,-1.23,-0.87,423709,1.04,-11.3,-10.65,-10.28,13.22,-11.76,35.6,3.16,5.42,-10.23,-9.87,-31.57
2024-11-20,32.65,32.24,-1.71,-0.46,755623,1.81,-8.28,-12.82,-10.27,4.64,-13.26,33.9,3.16,5.46,-11.56,-11.35,-32.74
2024-11-21,32.55,32.34,0.31,0.96,588670,1.35,-8.9,-9.18,-12.64,7.84,-12.99,34.5,3.08,5.47,-11.16,-10.98,-32.53
2024-11-22,32.26,33.47,3.49,-0.25,404183,0.91,1.75,-8.18,-11.31,2.32,-9.95,40.9,3.14,5.25,-7.99,-7.79,-30.17
2024-11-25,33.95,33.95,1.43,1.43,609228,1.32,2.23,-6.68,-7.01,4.69,-8.66,43.4,3.16,5.17,-6.52,-6.37,-29.17
2024-11-26,33.77,33.9,-0.15,-0.53,269697,0.58,3.35,-9.09,-7.86,4.63,-8.8,43.2,3.1,5.07,-6.45,-6.38,-29.27
2024-11-27,34.82,34.1,0.59,2.71,504983,1.05,5.77,-5.78,-7.03,-0.55,-8.26,44.3,3.05,4.87,-5.75,-5.7,-28.85
2024-11-29,34.24,34.75,1.91,0.41,199837,0.42,7.45,-4.32,-5.78,6.66,-6.51,48.0,3.08,4.63,-3.72,-3.79,-27.5
2024-12-02,34.79,35.77,2.94,0.12,522895,1.09,6.87,0.68,1.13,-0.69,-3.77,53.1,3.12,4.57,-0.72,-0.8,-25.37
2024-12-03,36.04,34.91,-2.42,0.75,357685,0.74,2.81,-2.8,-4.34,-1.01,-6.09,48.7,3.16,4.73,-2.93,-3.03,-27.18
2024-12-04,35.13,35.91,2.88,0.64,832555,1.64,5.93,-2.37,-4.39,-0.25,-3.39,53.6,3.17,4.63,-0.1,-0.12,-25.08
2024-12-05,35.54,33.56,-6.54,-1.03,1903696,3.34,-1.58,-9.13,-11.8,-3.84,-9.71,43.3,3.47,5.57,-6.5,-6.5,-29.98
2024-12-06,33.86,34.59,3.07,0.89,661828,1.13,-0.46,-10.6,-8.81,-0.89,-6.94,48.0,3.36,5.41,-3.52,-3.48,-27.83
2024-12-09,34.45,33.23,-3.93,-0.4,333674,0.57,-7.1,-14.93,-8.0,-5.65,-10.6,42.9,3.43,5.69,-7.07,-7.14,-30.67
2024-12-10,33.45,33.7,1.41,0.66,369930,0.64,-3.45,-15.62,-7.67,-4.26,-9.34,45.1,3.4,5.54,-5.54,-5.66,-29.69
2024-12-11,32.08,31.73,-5.85,-4.81,519256,0.9,-11.64,-20.06,-8.9,-10.64,-14.64,38.5,3.57,6.29,-10.81,-10.99,-33.8
2024-12-12,31.47,28.87,-9.01,-0.82,804500,1.34,-13.97,-21.93,-17.04,-17.06,-22.33,31.3,3.78,7.13,-18.5,-18.84,-39.77
2024-12-13,29.2,28.76,-0.38,1.14,3368234,4.6,-16.85,-18.18,-22.27,-17.02,-22.63,31.1,3.68,7.23,-18.48,-18.97,-40.0
2024-12-16,29.09,29.21,1.56,1.16,959525,1.29,-12.1,-17.72,-22.62,-13.4,-21.42,33.3,3.69,6.96,-16.85,-17.53,-39.06
2024-12-17,28.92,29.27,0.21,-0.99,1745797,2.16,-13.15,-11.02,-21.02,-13.63,-21.25,33.7,3.38,6.67,-16.39,-17.2,-38.93
2024-12-18,29.08,28.45,-2.8,-0.65,1327263,1.56,-10.34,-14.33,-27.26,-11.4,-23.46,31.5,3.4,6.88,-18.43,-19.37,-40.64
2024-12-19,28.62,28.02,-1.51,0.6,1476785,1.66,-2.94,-14.57,-28.15,-10.85,-24.62,30.4,3.41,6.94,-19.36,-20.42,-41.54
2024-12-20,27.58,28.67,2.32,-1.57,1470755,1.58,-0.31,-11.07,-25.22,-10.13,-22.87,34.1,3.46,6.64,-17.21,-18.44,-40.18
2024-12-23,28.59,28.13,-1.88,-0.28,471567,0.5,-3.7,-13.02,-22.97,-10.5,-24.32,32.6,3.47,6.55,-18.39,-19.9,-41.31
2024-12-24,28.2,28.3,0.6,0.25,263839,0.29,-3.31,-15.45,-21.82,-7.27,-23.86,33.6,3.35,6.24,-17.46,-19.34,-40.96
2024-12-26,28.06,29.11,2.86,-0.85,574839,0.62,2.32,-14.26,-20.85,-3.77,-21.68,38.4,3.41,6.0,-14.69,-16.95,-39.27
2024-12-27,29.0,30.04,3.19,-0.38,1595739,1.62,7.21,-11.39,-20.68,-4.85,-19.18,43.5,3.51,5.85,-11.6,-14.18,-37.33
2024-12-30,29.6,28.5,-5.13,-1.46,515607,0.51,-0.59,-16.42,-24.46,-10.15,-23.33,37.9,3.64,6.28,-15.73,-18.47,-40.54
2024-12-31,28.81,28.68,0.63,1.09,524659,0.52,1.96,-17.47,-22.28,-8.43,-22.84,38.9,3.61,6.04,-14.8,-17.84,-40.16
2025-01-02,28.99,28.97,1.01,1.08,664568,0.65,2.37,-19.01,-20.41,-6.03,0.0,40.6,3.53,5.77,-13.54,-16.9,-39.56
2025-01-03,29.15,30.52,5.35,0.62,834017,0.82,4.84,-12.56,-15.13,-4.27,5.35,48.5,3.76,5.59,-8.57,-12.34,-36.32
2025-01-06,30.96,29.72,-2.62,1.44,552215,0.58,-1.07,-17.24,-18.86,-7.24,2.59,45.2,3.7,5.76,-10.65,-14.53,-37.99
2025-01-07,30.65,31.01,4.34,3.13,784331,0.82,8.81,-7.6,-12.6,-3.43,7.04,51.1,3.62,5.68,-6.46,-10.69,-35.3
2025-01-08,30.71,30.46,-1.77,-0.97,740020,0.76,6.21,-11.94,-12.52,-7.16,5.14,48.7,3.55,5.57,-7.79,-12.14,-36.45
2025-01-10,30.0,30.2,-0.85,-1.51,810908,0.81,4.25,-9.12,-13.02,-12.36,4.25,47.5,3.47,5.47,-8.18,-12.76,-36.99
2025-01-13,29.66,28.68,-5.03,-1.79,821025,0.81,-6.03,-14.9,-16.82,-19.01,-1.0,41.4,3.58,5.93,-12.41,-17.01,-40.16
2025-01-14,28.92,27.97,-2.48,0.84,602268,0.6,-5.89,-11.85,-22.5,-23.7,-3.45,38.9,3.41,5.96,-14.14,-18.91,-41.64
2025-01-15,28.98,29.61,5.86,3.61,1042871,1.17,-4.51,2.56,-21.08,-21.35,2.21,46.9,3.1,5.64,-8.77,-13.97,-38.22
2025-01-16,29.6,29.1,-1.72,-0.03,475351,0.55,-4.46,1.18,-21.77,-23.82,0.45,44.9,3.12,5.54,-9.96,-15.29,-39.29
2025-01-17,29.61,29.08,-0.07,1.75,634710,0.78,-3.71,-0.45,-21.51,-20.81,0.38,44.9,3.1,5.51,-9.6,-15.21,-39.33
2025-01-21,29.32,30.0,3.16,0.83,965701,1.22,4.6,2.49,-18.39,-14.82,3.56,49.3,3.18,5.26,-6.33,-12.42,-37.41
2025-01-22,29.93,30.21,0.7,-0.23,775408,1.03,8.01,6.19,-17.1,-13.26,4.28,50.3,3.11,5.09,-5.17,-11.71,-36.97
2025-01-23,30.03,30.75,1.79,-0.6,552514,0.78,3.85,9.74,-16.24,-10.35,6.14,52.8,3.09,5.07,-2.97,-10.03,-35.84
2025-01-24,30.54,30.79,0.13,-0.68,601668,0.84,5.81,7.39,-16.74,-7.26,6.28,53.0,3.06,5.01,-2.28,-9.8,-35.76
2025-01-27,30.65,30.5,-0.94,-0.45,509824,0.7,4.88,8.43,-14.35,-7.55,5.28,51.4,3.03,5.0,-2.63,-10.54,-36.37
2025-01-28,30.57,30.29,-0.69,0.23,695617,0.95,0.97,7.03,-16.9,-8.41,4.56,50.2,3.04,4.86,-2.89,-11.05,-36.8
2025-01-29,30.16,30.29,0.0,-0.43,254600,0.38,0.26,4.05,-16.74,-3.32,4.56,50.2,2.99,4.73,-2.59,-10.92,-36.8
2025-01-30,30.67,30.15,-0.46,1.25,600768,0.89,-1.95,0.37,-19.15,-2.05,4.07,49.3,2.91,4.6,-2.7,-11.21,-37.1
2025-01-31,30.3,30.07,-0.27,0.5,570914,0.85,-2.34,5.51,-16.91,-9.84,3.8,48.8,2.67,4.58,-2.78,-11.34,-37.26
2025-02-03,29.17,29.36,-2.36,-2.99,294893,0.45,-3.74,2.37,-19.16,-13.24,1.35,44.2,2.73,4.72,-4.84,-13.35,-38.74
2025-02-04,28.93,29.95,2.01,-1.46,334935,0.53,-1.12,3.38,-15.71,-8.13,3.38,48.5,2.75,4.55,-2.75,-11.52,-37.51
2025-02-05,30.02,30.32,1.24,0.23,675244,1.06,0.1,-0.66,-15.57,-2.23,4.66,51.1,2.5,4.39,-1.42,-10.36,-36.74
2025-02-06,30.41,30.03,-0.96,0.3,471712,0.76,-0.4,1.04,-18.35,-7.4,3.66,49.0,2.44,4.25,-2.22,-11.15,-37.35
2025-02-07,29.9,28.89,-3.8,-0.43,328911,0.55,-3.92,-6.84,-21.77,-6.99,-0.28,41.9,2.37,4.44,-5.65,-14.46,-39.72
2025-02-10,28.95,28.27,-2.15,0.21,273707,0.48,-3.71,-7.19,-26.93,-14.95,-2.42,38.6,2.38,4.5,-7.33,-16.2,-41.02
2025-02-11,28.03,27.52,-2.65,-0.85,436201,0.79,-8.11,-8.87,-29.54,-18.17,-5.01,35.0,2.44,4.55,-9.41,-18.32,-42.58
2025-02-12,27.09,28.0,1.74,-1.56,372491,0.69,-7.65,-2.37,-29.89,-14.89,-3.35,38.9,2.23,4.53,-7.46,-16.79,-41.58
2025-02-13,28.2,28.5,1.79,0.71,279959,0.55,-5.09,1.89,-28.19,-14.95,-1.62,42.8,2.2,4.36,-5.42,-15.15,-40.54
2025-02-14,28.71,28.52,0.07,0.74,398875,0.8,-1.28,-3.68,-22.88,-14.17,-1.55,42.9,1.76,4.28,-4.89,-14.9,-40.5
2025-02-18,28.61,27.37,-4.03,0.32,429418,0.87,-3.18,-5.95,-22.13,-20.44,-5.52,36.8,1.93,4.68,-8.27,-18.18,-42.9
2025-02-19,27.1,27.52,0.55,-0.99,363233,0.79,0.0,-5.36,-22.48,-19.58,-5.01,38.0,1.94,4.48,-7.24,-17.57,-42.58
2025-02-20,27.59,28.22,2.54,0.25,338529,0.77,0.79,-5.93,-14.21,-21.78,-2.59,43.6,1.89,4.46,-4.54,-15.33,-39.12
2025-02-21,28.53,27.85,-1.31,1.1,370321,0.86,-2.28,-7.81,-16.14,-21.48,-3.87,41.5,1.89,4.51,-5.36,-16.33,-39.91
2025-02-24,27.75,26.72,-4.06,-0.36,331034,0.79,-6.31,-13.11,-18.54,-26.91,-7.77,35.7,1.98,4.74,-8.8,-19.63,-42.35
2025-02-25,26.82,25.0,-6.44,0.37,1000657,2.27,-8.66,-18.8,-22.46,-30.42,-13.7,29.1,2.34,5.73,-14.16,-24.7,-46.06
2025-02-26,25.41,25.09,0.36,1.64,499975,1.16,-8.83,-17.74,-22.42,-32.23,-13.39,29.8,2.36,5.54,-13.45,-24.34,-45.87
2025-02-27,25.0,24.64,-1.79,-0.36,492916,1.11,-12.69,-18.65,-26.38,-34.71,-14.95,28.3,2.36,5.54,-14.76,-25.64,-46.84
2025-02-28,24.37,25.86,4.95,-1.1,719159,1.6,-7.15,-14.63,-23.83,-29.17,-10.74,37.8,2.69,5.41,-10.36,-21.93,-42.16
2025-03-03,25.87,25.1,-2.94,0.04,597064,1.33,-6.06,-16.75,-25.96,-31.77,-13.36,34.7,2.73,5.62,-12.74,-24.21,-43.86
2025-03-04,24.8,24.8,-1.2,-1.2,602291,1.29,-0.8,-17.53,-27.27,-32.39,-14.39,33.6,2.73,5.76,-13.52,-25.09,-43.61
2025-03-05,24.81,26.83,8.19,0.04,1035608,2.07,6.94,-8.62,-22.79,-27.25,-7.39,46.7,3.34,5.53,-6.33,-18.94,-38.88
2025-03-06,26.26,26.99,0.6,-2.12,884731,1.73,9.54,-9.88,-24.55,-23.69,-6.83,47.5,3.31,5.65,-5.71,-18.41,-38.52
2025-03-07,26.93,26.72,-1.0,-0.22,690469,1.32,3.33,-11.87,-23.45,-26.77,-7.77,46.2,3.28,5.77,-6.52,-19.19,-39.13
2025-03-10,26.44,26.19,-1.98,-1.05,566654,1.06,4.34,-12.79,-27.07,-30.27,-9.6,43.5,3.3,5.72,-8.25,-20.75,-40.34
2025-03-11,26.05,26.3,0.42,-0.53,669366,1.21,6.05,-8.97,-21.63,-30.88,-9.22,44.2,3.22,5.54,-7.74,-20.38,-40.09
2025-03-12,26.53,26.62,1.22,0.87,1047054,1.79,-0.78,-5.84,-23.04,-29.82,-8.11,46.4,3.21,5.28,-6.45,-19.36,-39.36
2025-03-13,26.44,25.95,-2.52,-0.68,483262,0.82,-3.85,-5.7,-21.91,-28.16,-10.42,42.7,3.21,5.37,-8.54,-21.35,-40.89
2025-03-14,26.16,27.8,7.13,0.81,839661,1.36,4.04,-0.71,-17.51,-23.84,-4.04,53.7,3.57,5.35,-1.97,-15.67,-36.67
2025-03-17,27.8,27.67,-0.47,0.0,1235667,1.87,5.65,-2.91,-12.8,-20.56,-4.49,52.9,3.55,5.27,-2.36,-16.01,-36.97
2025-03-18,27.39,27.48,-0.69,-1.01,512900,0.77,4.49,-3.65,-4.81,-21.03,-5.14,51.7,3.55,5.26,-2.93,-16.52,-37.4
2025-03-19,27.48,28.03,2.0,0.0,1007503,1.45,5.3,2.41,-2.54,-24.24,-3.24,54.8,3.46,5.08,-0.81,-14.77,-36.15
2025-03-20,27.33,27.75,-1.0,-2.5,505463,0.72,6.94,0.84,-5.0,-26.49,-4.21,53.0,3.47,5.23,-1.67,-15.56,-36.79
2025-03-21,27.39,27.05,-2.52,-1.3,1637848,2.13,-2.7,-4.15,-7.58,-27.01,-6.63,48.5,3.47,5.4,-3.88,-17.58,-38.38
2025-03-24,27.16,28.53,5.47,0.41,728958,0.93,3.11,2.44,0.28,-27.05,-1.52,56.8,3.66,5.22,1.52,-12.98,-35.01
2025-03-25,28.41,27.54,-3.47,-0.42,577070,0.75,0.22,3.07,-1.71,-29.38,-4.94,50.9,3.63,5.46,-1.82,-15.89,-37.27
2025-03-26,27.53,26.54,-3.63,-0.04,794130,1.02,-5.32,6.16,-7.43,-30.78,-8.39,45.7,3.42,5.69,-5.24,-18.84,-39.54
2025-03-27,26.58,26.94,1.51,0.15,482572,0.62,-2.92,7.37,-4.23,-26.23,-7.01,48.0,3.43,5.46,-3.74,-17.52,-38.63
2025-03-28,26.63,26.42,-1.93,-1.15,729101,0.93,-2.33,7.22,-6.64,-27.02,-8.8,45.4,3.43,5.46,-5.38,-19.0,-39.82
2025-03-31,26.82,24.49,-7.31,1.51,1260448,1.55,-14.16,-5.3,-15.87,-33.41,-15.46,37.1,3.65,6.32,-12.0,-24.79,-44.21
2025-04-01,24.31,22.05,-9.96,-0.73,1244726,1.47,-19.93,-12.15,-26.6,-41.77,-23.89,29.8,4.2,7.35,-20.37,-32.15,-49.1
2025-04-02,21.91,22.24,0.86,-0.63,1571028,1.8,-16.2,-10.32,-21.96,-41.05,-23.23,30.9,4.21,7.16,-19.23,-31.43,-48.66
2025-04-03,20.92,18.74,-15.74,-5.94,2559320,2.67,-30.44,-30.15,-34.66,-49.21,-35.31,23.4,4.93,9.29,-31.37,-42.08,-56.74
2025-04-04,18.04,17.2,-8.22,-3.74,2148002,2.09,-34.9,-36.27,-40.63,-52.75,-40.63,21.0,5.11,10.28,-36.38,-46.7,-60.3
2025-04-07,16.34,16.92,-1.63,-5.0,1712881,1.58,-30.91,-36.68,-44.56,-52.95,-41.59,20.5,5.11,10.65,-36.76,-47.43,-60.94
2025-04-08,17.81,15.59,-7.86,5.26,1574492,1.39,-29.3,-40.47,-47.54,-57.44,-46.19,18.6,5.26,12.52,-41.08,-51.44,-64.01
2025-04-09,15.05,17.78,14.05,-3.46,2234175,1.87,-20.05,-32.4,-42.66,-49.89,-38.63,30.1,6.34,11.64,-32.16,-44.5,-58.96
2025-04-10,17.1,17.63,-0.84,-3.82,1659989,1.33,-5.92,-33.77,-42.12,-49.37,-39.14,29.8,6.31,11.67,-32.07,-44.84,-59.3
2025-04-11,17.63,19.28,9.36,0.0,1714587,1.32,12.09,-25.7,-36.16,-44.47,-33.45,37.4,6.76,10.74,-25.09,-39.57,-55.49
2025-04-14,19.96,20.06,4.05,3.53,1022571,0.8,18.56,-27.84,-30.06,-41.82,-30.76,40.7,6.6,10.01,-21.45,-37.02,-53.69
2025-04-15,19.9,20.11,0.25,-0.8,835467,0.64,28.99,-27.32,-28.1,-44.28,-30.58,40.9,6.61,9.61,-20.68,-36.76,-53.58
2025-04-16,19.74,20.22,0.55,-1.84,1237783,0.94,13.72,-26.42,-31.71,-46.11,-30.2,41.4,6.62,9.23,-19.63,-36.3,-53.32
2025-04-17,20.17,20.64,2.08,-0.25,1109545,0.83,17.07,-26.36,-29.07,-44.52,-28.75,43.4,6.62,8.77,-17.32,-34.87,-52.35
2025-04-21,20.45,20.41,-1.11,-0.92,1034946,0.79,5.86,-26.45,-29.81,-44.91,-29.55,42.5,6.62,8.73,-17.61,-35.48,-52.89
2025-04-22,20.93,20.48,0.34,2.55,1524861,1.13,2.09,-24.29,-31.73,-44.29,-29.31,42.9,6.62,8.53,-16.76,-35.15,-52.72
2025-04-23,21.39,20.73,1.22,4.44,883126,0.65,3.08,-27.34,-31.38,-43.11,-28.44,44.3,6.47,8.32,-15.22,-34.25,-52.15
2025-04-24,20.79,21.52,3.81,0.29,1676670,1.19,6.43,-21.86,-30.02,-41.38,-25.72,48.4,6.55,7.77,-11.56,-31.63,-50.32
2025-04-25,21.1,22.37,3.95,-1.95,1658267,1.13,8.38,-15.71,-27.35,-39.51,-22.78,52.6,6.6,7.41,-7.64,-28.81,-48.36
2025-04-28,31.0,27.97,25.03,38.58,9040370,4.8,37.04,3.82,-8.3,-21.45,-3.45,69.7,8.65,8.04,15.53,-10.93,-35.43
2025-04-29,28.26,26.94,-3.68,1.04,2178802,1.13,31.54,1.97,-11.06,-26.09,-7.01,65.1,8.69,8.29,11.42,-14.1,-37.81
2025-04-30,26.43,26.94,0.0,-1.89,1664324,0.85,29.96,10.0,-11.06,-25.95,-7.01,65.1,8.5,8.21,11.46,-13.99,-37.81
2025-05-01,27.0,27.74,2.97,0.22,917153,0.48,28.9,25.8,-7.99,-25.61,-4.25,67.0,8.15,7.88,14.75,-11.31,-31.71
2025-05-02,28.57,29.05,4.72,2.99,1160717,0.63,29.86,30.62,-3.39,-19.73,0.28,70.0,8.18,7.6,20.09,-6.99,-28.48
2025-05-05,28.67,28.18,-2.99,-1.31,967413,0.54,0.75,50.37,-4.02,-22.41,-2.73,65.8,7.25,7.52,16.46,-9.63,-29.44
2025-05-06,27.62,21.7,-23.0,-1.99,4288037,2.23,-19.45,26.16,-27.55,-38.92,-25.09,44.1,8.85,11.41,-9.95,-30.24,-45.67
2025-05-07,22.57,22.34,2.95,3.99,3338124,1.66,-17.07,32.03,-26.32,-37.79,-22.89,46.0,8.83,11.01,-7.08,-28.04,-44.07
2025-05-08,22.65,24.13,8.01,1.39,3170644,1.54,-13.01,54.78,-19.65,-34.39,-16.71,51.0,8.64,10.42,0.44,-22.14,-39.58
2025-05-09,23.69,23.74,-1.62,-1.82,1941794,0.94,-18.28,33.52,-17.83,-35.72,-18.05,49.9,8.26,10.38,-1.11,-23.26,-40.56
2025-05-12,25.02,25.16,5.98,5.39,1188732,0.58,-10.72,42.71,-11.0,-34.97,-13.15,53.8,8.29,9.69,4.87,-18.57,-37.01
2025-05-13,24.21,24.18,-3.9,-3.78,884837,0.43,11.43,25.41,-12.14,-38.1,-16.53,50.9,8.21,9.8,0.86,-21.63,-39.46
2025-05-14,24.09,24.17,-0.04,-0.37,2010148,0.96,8.19,20.49,-13.68,-39.48,-16.57,50.8,8.19,9.42,0.87,-21.55,-39.48
2025-05-15,24.29,25.35,4.88,0.5,581663,0.28,5.06,26.06,-11.05,-36.13,-12.5,54.3,8.23,8.9,5.93,-17.64,-36.53
2025-05-16,25.37,25.43,0.32,0.08,1233441,0.6,7.12,25.77,-10.83,-31.23,-12.22,54.5,8.23,8.49,6.4,-17.31,-36.33
2025-05-19,24.48,24.86,-2.24,-3.74,972050,0.47,-1.19,20.45,-9.17,-29.27,-14.19,52.5,8.27,8.55,4.18,-19.05,-37.76
2025-05-20,24.86,26.56,6.84,0.0,1162958,0.57,9.84,30.13,-3.49,-25.18,-8.32,57.6,8.33,8.13,11.27,-13.41,-33.5
2025-05-21,26.1,26.22,-1.28,-1.73,1219563,0.59,8.48,28.03,-7.09,-20.29,-9.49,56.3,8.35,8.35,9.85,-14.43,-34.35
2025-05-22,26.05,25.76,-1.75,-0.65,530501,0.26,1.62,24.26,-7.5,-22.43,-11.08,54.5,8.39,8.14,8.0,-15.86,-35.5
2025-05-23,25.06,25.44,-1.24,-2.72,653583,0.33,0.04,18.22,-4.79,-22.44,-12.19,53.2,8.38,7.89,6.71,-16.81,-36.3
2025-05-27,25.89,25.52,0.31,1.77,1399638,0.89,2.65,14.08,2.08,-20.84,-11.91,53.5,8.36,7.62,7.25,-16.47,-36.1
2025-05-28,25.53,25.28,-0.94,0.04,593567,0.4,-4.82,-9.62,0.76,-21.83,-12.74,52.4,6.29,7.31,6.45,-17.15,-36.71
2025-05-29,25.7,26.23,3.76,1.66,634925,0.44,0.04,-2.64,6.45,-21.63,-9.46,56.1,6.29,6.9,10.57,-13.93,-34.33
2025-05-30,25.85,25.62,-2.33,-1.45,726922,0.51,-0.54,-4.9,-0.93,-24.54,-11.56,53.3,6.32,6.91,8.22,-15.83,-35.85
2025-06-02,25.86,26.59,3.79,0.94,620072,0.44,4.52,-4.15,5.94,-21.56,-8.22,57.0,6.34,6.58,12.42,-12.55,-33.43
2025-06-03,26.7,26.79,0.75,0.41,530440,0.38,4.98,-7.78,8.02,-21.44,-7.53,57.8,6.25,6.28,13.29,-11.8,-32.92
2025-06-04,26.85,26.58,-0.78,0.22,427354,0.36,5.14,-5.68,-0.93,-23.51,-8.25,56.7,6.22,6.04,12.59,-12.37,-33.45
2025-06-05,26.71,26.63,0.19,0.49,1163736,1.08,1.52,22.72,-1.33,-25.55,-8.08,56.9,3.33,5.87,12.89,-12.1,-33.32
2025-06-06,27.25,26.91,1.05,2.33,1012306,1.04,5.04,20.46,0.71,-22.91,-7.11,58.1,3.3,5.75,14.04,-11.04,-32.62
2025-06-09,27.54,27.0,0.33,2.34,1379111,1.46,1.54,11.89,3.09,-24.81,-6.8,58.6,2.88,5.58,14.42,-10.62,-32.4
2025-06-10,27.21,27.48,1.78,0.78,813370,0.88,2.58,15.75,4.49,-18.12,-5.14,60.8,2.85,5.36,16.35,-8.89,-31.2
2025-06-11,27.74,26.18,-4.73,0.95,591756,0.65,-1.5,4.05,-1.65,-24.31,-9.63,52.5,2.82,5.71,10.68,-13.06,-34.45
2025-06-12,25.99,26.5,1.22,-0.73,729462,0.86,-0.49,9.59,2.12,-20.25,-8.53,54.2,2.66,5.58,11.62,-11.84,-33.65
2025-06-13,25.88,25.86,-2.42,-2.34,626383,0.74,-3.9,6.99,-6.98,-23.26,-10.74,50.4,2.73,5.6,8.59,-13.8,-35.25
2025-06-16,26.13,25.46,-1.55,1.04,780709,0.94,-5.7,0.43,-7.99,-19.76,-12.12,48.1,2.56,5.6,6.31,-14.98,-36.25
2025-06-17,25.67,26.24,3.06,0.82,1538906,1.8,-4.51,3.19,-4.51,-9.11,-9.42,52.6,2.64,5.54,8.75,-12.22,-34.3
2025-06-18,26.33,26.28,0.15,0.34,726716,0.87,0.38,5.71,-6.24,-8.62,-9.29,52.8,2.58,5.36,8.07,-11.93,-34.2
2025-06-20,26.45,25.55,-2.78,0.65,987475,1.2,-3.58,-3.8,-7.93,-12.53,-11.81,48.3,2.18,5.4,4.22,-14.22,-36.03
2025-06-23,25.14,25.66,0.43,-1.6,597792,0.72,-0.77,-2.14,-5.14,-12.33,-11.43,49.0,2.17,5.26,4.0,-13.71,-35.75
2025-06-24,26.14,25.8,0.55,1.87,921297,1.1,1.34,0.16,-9.57,-9.31,-10.94,49.9,2.14,5.16,3.88,-13.08,-35.4
2025-06-25,26.19,26.06,1.01,1.51,530157,0.67,-0.69,2.44,-5.37,-7.0,-10.04,51.7,2.13,5.11,4.36,-12.03,-34.75
2025-06-26,26.39,26.07,0.04,1.27,694133,0.87,-0.8,2.16,-1.77,-9.07,-10.01,51.8,2.13,5.03,3.9,-11.82,-34.73
2025-06-27,26.04,25.95,-0.46,-0.12,1279859,1.53,1.57,2.65,-3.67,-7.75,-10.42,50.8,2.12,4.95,2.94,-12.05,-35.03
2025-06-30,26.0,26.0,0.19,0.19,705724,0.85,1.33,-0.88,-1.59,-8.13,-10.25,51.2,1.95,4.77,2.67,-11.73,-34.9
2025-07-01,25.81,26.35,1.35,-0.73,1082629,1.26,2.13,2.85,7.59,-9.48,-9.04,54.1,1.9,4.65,3.58,-10.39,-34.03
2025-07-02,26.33,26.68,1.25,-0.08,772722,0.89,2.38,0.34,21.0,-11.19,-7.9,56.7,1.73,4.52,4.36,-9.14,-33.2
2025-07-03,26.96,26.9,0.82,1.05,349450,0.4,3.18,0.41,20.95,-5.61,-7.15,58.4,1.73,4.31,4.7,-8.26,-32.65
2025-07-07,26.08,26.25,-2.42,-3.05,651036,0.78,1.16,-1.24,40.07,-8.47,-9.39,51.9,1.81,4.41,1.73,-10.32,-34.28
2025-07-08,26.47,25.96,-1.1,0.84,1031228,1.23,-0.15,-2.52,50.93,-10.39,-10.39,49.3,1.82,4.45,0.26,-11.13,-35.0
2025-07-09,26.37,27.04,4.16,1.58,1181186,1.42,2.62,0.48,59.81,-11.4,-6.66,57.8,2.03,4.43,4.06,-7.27,-32.3
2025-07-10,27.52,27.11,0.26,1.78,526272,0.65,1.61,0.41,73.89,-8.78,-6.42,58.3,2.03,4.35,4.4,-6.84,-32.12
2025-07-11,26.83,26.72,-1.44,-1.03,482115,0.6,-0.67,-2.77,50.28,-13.83,-7.77,54.5,2.02,4.3,2.91,-7.99,-33.1
2025-07-14,26.0,25.9,-3.07,-2.69,1350755,1.61,-1.33,-1.07,46.91,-14.97,-10.6,47.6,1.85,4.43,-0.17,-10.62,-35.15
2025-07-15,26.5,24.95,-3.67,2.32,703052,0.83,-3.89,-5.85,29.41,-17.38,-13.88,41.0,1.99,4.79,-3.62,-13.73,-37.53
2025-07-16,24.7,26.08,4.53,-1.0,628134,0.75,-3.55,0.85,30.01,-9.07,-9.98,49.8,2.18,4.65,0.98,-9.66,-34.7
2025-07-17,26.0,28.46,9.13,-0.31,1521929,1.82,4.98,11.78,41.52,1.75,-1.76,62.6,2.91,4.66,10.17,-1.27,-28.74
2025-07-18,28.64,26.75,-6.01,0.63,1872202,2.1,0.11,1.94,32.29,-9.66,-7.66,52.3,3.18,5.25,3.14,-7.03,-33.02
2025-07-21,26.99,26.9,0.56,0.9,873827,0.98,3.86,2.36,30.33,-7.56,-7.15,53.0,3.18,5.1,3.36,-6.33,-32.65
2025-07-22,24.5,26.01,-3.31,-8.92,1949475,2.04,4.25,1.8,27.44,-10.56,-10.22,48.3,3.21,5.55,-0.2,-9.26,-34.88
2025-07-23,26.59,26.32,1.19,2.23,1054625,1.1,0.92,2.57,28.52,-12.27,-9.15,50.0,3.22,5.57,0.78,-8.01,-34.1
2025-07-24,26.23,26.14,-0.68,-0.34,629180,0.65,-8.15,1.32,26.1,-13.47,-9.77,49.0,3.22,5.38,0.02,-8.48,-34.55
2025-07-25,26.01,26.1,-0.15,-0.5,983154,1.0,-2.43,0.15,21.28,-15.12,-9.91,48.8,3.21,5.15,-0.28,-8.46,-34.65
2025-07-28,26.15,25.86,-0.92,0.19,918040,0.95,-3.87,-0.81,15.6,-16.01,-10.74,47.3,3.22,5.05,-1.32,-9.14,-35.25
2025-07-29,25.97,26.04,0.7,0.43,1239967,1.25,0.12,0.35,-6.9,-14.62,-10.11,48.6,3.22,5.09,-0.69,-8.37,-34.8
2025-07-30,28.0,26.91,3.34,7.53,1202628,1.21,2.24,3.5,-0.11,-11.16,-7.11,54.1,3.3,5.22,2.51,-5.18,-32.62
2025-07-31,26.48,26.69,-0.82,-1.62,758051,0.76,2.1,1.29,-0.93,-11.89,-7.87,52.6,3.3,5.12,1.53,-5.82,-33.17
2025-08-01,26.06,26.31,-1.42,-2.36,815524,0.8,0.8,-1.39,-5.16,-12.74,-9.18,49.9,3.3,5.09,0.11,-7.0,-34.13
2025-08-04,26.6,26.09,-0.84,1.1,659294,0.65,0.89,-3.01,-10.19,-13.24,-9.94,48.4,3.3,5.0,-0.72,-7.6,-34.68
2025-08-05,26.31,26.94,3.26,0.84,892338,0.88,3.46,2.63,-4.4,-8.24,-7.01,54.2,3.34,4.92,2.42,-4.41,-32.55
2025-08-06,26.68,25.29,-6.12,-0.97,823714,0.83,-6.02,-2.58,16.54,-15.56,-12.7,43.9,3.6,5.41,-3.84,-10.08,-36.68
2025-08-07,25.41,24.35,-3.72,0.47,633906,0.63,-8.77,-9.95,9.0,-19.69,-15.95,39.3,3.55,5.58,-7.33,-13.23,-39.03
2025-08-08,24.51,24.85,2.05,0.66,672658,0.67,-5.55,-8.34,2.98,-17.25,-14.22,42.7,3.59,5.36,-5.4,-11.26,-37.78
2025-08-11,24.75,23.95,-3.64,-0.4,607661,0.63,-8.22,-10.39,0.86,-17.12,-17.35,38.5,3.65,5.53,-8.68,-14.3,-40.05
2025-08-12,24.16,24.95,4.2,0.9,545631,0.57,-7.39,-3.67,-0.83,-11.74,-13.88,45.0,3.74,5.25,-4.8,-10.51,-37.53
2025-08-13,25.2,26.49,6.17,1.0,660499,0.68,4.74,6.17,9.55,-3.74,-8.56,53.2,3.88,5.04,1.08,-4.83,-33.68
2025-08-14,25.97,25.96,-2.0,-1.96,806420,0.87,6.61,-0.46,7.41,-7.29,-10.39,50.4,3.79,4.99,-0.88,-6.56,-35.0
2025-08-15,26.1,25.7,-1.0,0.54,588838,0.68,3.42,-9.7,1.38,-9.82,-11.29,49.1,3.17,4.85,-1.81,-7.32,-35.65
2025-08-18,25.55,26.13,1.67,-0.58,516052,0.61,9.13,-2.32,2.75,-8.38,-9.8,51.4,2.93,4.77,-0.12,-5.58,-34.58
2025-08-19,26.61,25.56,-2.18,1.84,372792,0.48,2.44,-4.98,2.82,-6.61,-11.77,48.2,2.96,4.86,-2.2,-7.46,-36.0
2025-08-20,25.48,25.53,-0.12,-0.31,306521,0.42,-3.62,-1.85,-3.88,-7.23,-11.87,48.1,2.88,4.68,-2.21,-7.39,-36.08
2025-08-21,25.02,25.98,1.76,-2.0,336302,0.47,0.08,-1.29,-0.92,-7.94,-10.32,50.8,2.89,4.59,-0.37,-5.59,-34.95
2025-08-22,26.08,26.91,3.6,0.38,542477,0.78,4.73,2.96,4.48,-3.36,-7.09,56.0,2.99,4.5,3.16,-2.03,-32.61
2025-08-25,26.89,25.42,-5.55,-0.09,383644,0.57,-2.72,-2.61,-0.08,-4.87,-12.25,47.4,3.24,4.92,-2.49,-7.28,-36.35
2025-08-26,25.37,27.03,6.33,-0.2,794813,1.23,5.75,4.52,5.92,8.12,-6.7,55.4,3.52,4.83,3.59,-1.23,-32.32
2025-08-27,26.82,26.48,-2.03,-0.78,497474,0.81,3.72,1.69,4.75,5.54,-8.6,52.4,3.56,4.86,1.41,-3.03,-33.7
2025-08-28,26.67,26.71,0.89,0.72,380900,0.64,2.83,-0.72,1.85,8.42,-7.78,53.6,3.49,4.67,2.27,-1.94,-33.11
2025-08-29,26.69,26.82,0.39,-0.09,400018,0.7,-0.35,0.49,4.68,3.71,-7.42,54.1,3.48,4.55,2.63,-1.32,-32.85
2025-09-02,26.74,27.46,2.39,-0.3,468729,0.83,8.03,4.37,3.27,9.4,-5.21,57.3,3.5,4.49,4.92,1.26,-31.25
2025-09-03,27.06,28.67,4.41,-1.46,1066150,1.87,6.07,9.89,7.02,15.6,-1.04,62.5,3.6,4.52,9.3,5.89,-28.22
2025-09-04,28.64,30.94,7.92,-0.1,1270301,2.14,16.84,14.85,16.4,15.32,6.8,70.0,3.91,4.72,17.49,14.36,-22.53
2025-09-05,31.13,33.07,6.88,0.61,2019075,3.05,23.79,30.76,24.18,22.53,14.15,75.0,3.8,4.94,24.91,22.29,-17.2
2025-09-08,33.81,33.69,1.87,2.24,1767995,2.47,25.62,38.36,25.2,26.09,16.29,76.3,3.62,4.98,26.53,24.56,-15.65
2025-09-09,33.5,33.47,-0.65,-0.56,766025,1.06,21.89,34.69,23.96,27.8,15.53,74.9,3.65,5.03,24.99,23.74,-16.2
2025-09-10,33.78,33.63,0.48,0.93,1111428,1.48,17.3,40.45,22.38,27.87,16.09,75.2,3.46,5.12,24.88,24.31,-15.8
2025-09-11,33.35,33.16,-1.4,-0.83,2877659,3.33,7.18,32.91,26.66,24.57,14.46,71.9,3.48,5.25,22.51,22.56,-16.98
2025-09-12,32.98,33.34,0.54,-0.54,1398940,1.57,0.82,25.86,25.81,28.48,15.08,72.4,3.3,5.25,22.58,23.2,-16.52
2025-09-15,35.1,34.6,3.78,5.28,983347,1.08,2.7,33.28,33.8,24.46,19.43,75.7,3.27,5.08,26.49,27.83,-13.37
2025-09-16,34.72,35.76,3.35,0.35,1504439,1.56,6.84,39.14,40.46,29.24,23.44,78.2,3.25,5.14,29.83,32.07,-10.47
2025-09-17,36.48,37.72,5.48,2.01,2241575,2.12,12.16,44.36,43.75,37.26,30.2,81.7,3.35,5.12,35.79,39.21,-5.56
2025-09-18,38.14,38.82,2.92,1.11,1247247,1.13,17.07,51.88,47.72,38.49,34.0,83.3,3.23,4.88,38.57,43.15,-2.8
2025-09-19,38.99,36.9,-4.95,0.44,2019030,1.7,10.68,44.54,44.42,32.97,27.37,71.5,3.55,5.31,30.8,36.01,-7.61
2025-09-22,36.81,37.04,0.38,-0.24,725025,0.61,7.05,42.57,44.35,36.93,27.86,71.8,3.56,5.15,30.35,36.5,-7.26
2025-09-23,36.92,36.7,-0.92,-0.32,584941,0.48,2.63,36.36,42.25,28.64,26.68,69.8,3.58,5.04,28.18,35.2,-8.11
2025-09-24,36.77,36.68,-0.05,0.19,435372,0.37,-2.76,44.3,40.75,33.19,26.61,69.7,3.22,4.93,27.06,35.1,-8.16
2025-09-25,36.32,36.48,-0.55,-0.98,486435,0.41,-6.03,34.96,39.93,37.45,25.92,68.3,3.09,4.83,25.47,34.3,-8.66
2025-09-26,37.46,37.54,2.91,2.69,619313,0.52,1.73,41.77,44.66,39.35,29.58,71.4,2.99,4.66,28.31,38.12,-6.01
2025-09-29,38.07,39.08,4.1,1.41,672258,0.55,5.51,46.28,50.31,47.92,34.9,75.2,3.03,4.55,32.46,43.63,-2.15
2025-09-30,39.1,40.28,3.07,0.05,752172,0.61,9.75,50.19,52.87,64.48,39.04,77.6,3.02,4.43,35.3,47.87,0.0
2025-10-01,40.03,39.46,-2.04,-0.62,1127948,0.92,7.58,43.7,47.9,78.96,36.21,72.3,3.14,4.44,31.36,44.65,-2.04
2025-10-02,39.62,39.85,1.0,0.41,1343889,1.09,9.25,39.01,48.16,79.2,37.57,73.3,3.09,4.44,31.49,45.81,-1.06
2025-10-03,40.19,39.82,-0.09,0.84,560505,0.48,6.07,28.7,51.7,112.49,37.45,73.0,2.75,4.33,30.2,45.38,-1.14
2025-10-06,40.21,38.13,-4.24,0.98,769566,0.69,-2.43,15.3,46.88,121.69,31.62,62.5,2.68,4.61,23.7,38.99,-5.34
2025-10-07,38.29,38.0,-0.34,0.42,735979,0.66,-5.66,12.79,40.53,124.59,31.17,61.8,2.67,4.54,22.31,38.29,-5.66
2025-10-08,39.0,40.71,7.13,2.63,1911564,1.66,3.17,21.63,50.17,161.13,40.52,69.8,3.01,4.69,29.81,47.83,0.0
2025-10-09,41.16,44.46,9.21,1.11,1843335,1.68,11.55,32.2,66.39,150.06,53.47,77.0,3.5,4.59,40.2,60.96,0.0
2025-10-10,44.93,43.25,-2.72,1.06,1158525,1.07,8.61,30.43,66.99,145.32,49.29,71.1,3.56,4.96,34.97,56.17,-2.72
2025-10-13,43.25,42.96,-0.67,0.0,654290,0.61,12.67,28.85,72.18,122.82,48.29,69.7,3.59,4.93,32.69,54.71,-3.37
2025-10-14,42.29,42.85,-0.26,-1.56,1351399,1.27,12.76,23.84,64.3,113.61,47.91,69.2,3.55,4.92,30.99,53.91,-3.62
2025-10-15,43.15,43.05,0.47,0.7,1231093,1.22,5.75,20.39,51.26,114.07,48.6,69.6,3.52,4.93,30.32,54.24,-3.17
2025-10-16,43.08,41.85,-2.79,0.07,647339,0.66,-5.87,10.95,56.45,106.97,44.46,63.4,3.45,5.19,25.43,49.62,-5.87
2025-10-17,41.51,41.46,-0.93,-0.81,730371,0.8,-4.14,6.8,54.13,100.87,43.11,61.5,3.42,5.09,23.0,47.89,-6.75
2025-10-20,41.65,43.59,5.14,0.46,861814,0.93,1.47,18.13,67.59,113.57,50.47,67.3,3.34,4.99,27.9,55.07,-1.96
2025-10-21,43.55,43.06,-1.22,-0.09,404662,0.44,0.49,16.25,63.6,110.25,48.64,64.7,3.37,4.99,24.94,52.8,-3.15
2025-10-22,42.79,41.91,-2.67,-0.63,883279,0.94,-2.65,14.2,60.33,102.17,44.67,59.3,3.43,5.13,20.42,48.42,-5.74
2025-10-23,42.0,41.98,0.17,0.21,544190,0.58,0.31,14.45,60.84,95.07,44.91,59.5,3.43,5.03,19.56,48.35,-5.58
2025-10-24,42.8,43.67,4.03,1.95,662243,0.7,5.33,19.71,68.87,95.22,50.74,64.5,3.49,4.8,23.13,53.98,-1.78
2025-10-27,43.56,44.29,1.42,-0.25,654636,0.7,1.61,17.98,70.08,58.35,52.88,66.2,3.47,4.69,23.58,55.78,-0.38
2025-10-28,43.98,43.71,-1.31,-0.7,2077587,2.06,1.51,11.85,62.43,62.25,50.88,63.2,3.41,4.68,20.78,53.38,-1.69
2025-10-29,43.31,42.98,-1.67,-0.92,567623,0.58,2.55,6.7,61.03,59.54,48.36,59.6,3.4,4.65,17.63,50.44,-3.33
2025-10-30,43.2,42.47,-1.19,0.51,806535,0.85,1.17,7.63,61.42,53.1,46.6,57.2,3.37,4.62,15.16,48.28,-4.48
2025-10-31,42.31,43.27,1.88,-0.38,1416403,1.42,-0.92,8.57,65.85,48.95,49.36,59.9,3.39,4.6,16.24,50.71,-2.68
2025-11-03,42.61,41.9,-3.17,-1.53,900837,0.9,-5.4,5.22,55.53,48.69,44.63,53.5,3.47,4.92,11.66,45.62,-5.76
2025-11-04,40.69,39.07,-6.75,-2.89,733463,0.73,-10.62,2.47,54.49,80.05,34.86,43.2,3.68,5.43,3.37,35.55,-12.12
2025-11-05,38.97,37.96,-2.84,-0.26,1073263,1.12,-11.68,-0.11,55.89,69.92,31.03,39.9,3.73,5.61,-0.15,31.51,-14.62
2025-11-06,38.14,39.69,4.56,0.47,931837,1.02,-6.55,-2.51,59.72,64.48,37.0,46.7,3.53,5.35,3.69,37.28,-10.73
2025-11-07,39.1,39.68,-0.03,-1.49,636687,0.72,-8.3,-10.75,65.71,67.14,36.97,46.6,2.82,5.38,2.96,37.04,-10.75
2025-11-10,40.73,40.22,1.36,2.65,695991,0.78,-4.01,-7.01,61.2,59.86,38.83,48.7,2.8,5.17,3.64,38.67,-9.54
2025-11-11,39.96,38.84,-3.43,-0.65,1440460,1.61,-0.59,-9.59,46.62,60.63,34.07,44.0,2.88,5.83,-0.5,33.72,-12.64
2025-11-12,39.19,39.41,1.47,0.9,712051,0.82,3.82,-8.03,51.81,63.05,36.04,46.3,2.91,5.71,0.41,35.47,-11.36
2025-11-13,38.6,37.76,-4.19,-2.06,1029667,1.16,-4.86,-12.29,46.93,48.95,30.34,41.0,3.02,5.91,-4.13,29.64,-15.07
2025-11-14,38.02,41.01,8.61,0.69,1408575,1.53,3.35,-2.01,56.95,61.27,41.56,52.5,3.57,5.86,3.71,40.53,-7.76
2025-11-17,41.43,41.25,0.59,1.02,1151637,1.23,2.56,-0.51,61.38,65.93,42.39,53.3,3.57,6.05,3.92,41.08,-7.22
2025-11-18,40.93,42.55,3.15,-0.78,1048093,1.08,9.55,-2.39,66.67,60.2,46.88,57.1,3.45,6.18,6.7,45.2,-4.3
2025-11-19,42.78,42.6,0.12,0.54,620582,0.65,8.09,-1.07,63.97,62.47,47.05,57.2,3.44,6.04,6.35,45.06,-4.18
2025-11-20,43.12,40.71,-4.44,1.22,592794,0.62,7.81,-2.86,51.25,58.04,40.52,50.3,3.53,6.55,1.25,38.38,-8.43
2025-11-21,40.26,42.44,4.25,-1.11,708799,0.74,3.49,1.1,66.96,66.82,46.5,55.6,3.66,6.26,5.08,43.96,-4.54
2025-11-24,43.08,43.56,2.64,1.51,915172,0.94,5.6,-0.25,61.15,70.69,50.36,58.7,3.59,6.0,7.37,47.39,-2.02
2025-11-25,43.52,45.51,4.48,-0.09,724623,0.8,6.96,2.75,71.87,80.02,57.09,63.4,3.71,5.73,11.64,53.54,0.0
2025-11-26,45.47,44.84,-1.47,-0.09,1156711,1.24,5.26,2.59,67.85,70.95,54.78,60.8,3.72,5.64,9.62,50.84,-1.47
2025-11-28,45.25,44.84,0.0,0.91,389205,0.43,10.14,4.33,67.19,75.02,54.78,60.8,3.69,5.5,9.3,50.41,-1.47
2025-12-01,44.2,43.25,-3.55,-1.43,793135,0.9,1.91,1.84,57.5,62.66,49.29,54.7,3.77,5.65,5.09,44.72,-4.97
2025-12-02,43.35,41.37,-4.35,0.23,826915,0.94,-5.03,-4.39,44.3,54.42,42.8,48.5,3.87,5.93,0.31,38.13,-9.1
2025-12-03,41.42,42.61,3.0,0.12,1050679,1.17,-6.37,1.69,37.72,60.31,47.08,52.3,3.87,5.65,3.03,41.91,-6.37
2025-12-04,42.51,44.73,4.98,-0.23,965349,1.08,-0.25,14.49,35.26,67.97,54.4,58.1,3.66,5.56,7.73,48.55,-1.71
2025-12-05,45.05,43.3,-3.2,0.72,745459,0.85,-3.43,14.07,28.52,60.91,49.46,53.4,3.68,5.83,3.95,43.44,-4.86
2025-12-08,43.81,42.8,-1.15,1.18,834383,0.94,-1.04,7.84,27.88,58.52,47.74,51.8,3.59,5.7,2.49,41.43,-5.95
2025-12-09,42.57,41.74,-2.48,-0.54,842761,0.94,0.89,5.19,24.12,51.89,44.08,48.6,3.64,5.75,-0.18,37.59,-8.28
2025-12-10,41.48,41.74,0.0,-0.62,571247,0.67,-2.04,3.78,25.87,59.43,44.08,48.6,3.64,5.67,-0.25,37.21,-8.28
2025-12-11,42.5,41.61,-0.31,1.82,466344,0.55,-6.98,7.13,24.81,57.02,43.63,48.1,3.54,5.53,-0.66,36.41,-8.57
2025-12-12,41.34,40.94,-1.61,-0.65,411456,0.51,-5.45,3.88,18.32,58.31,41.32,45.9,3.56,5.49,-2.31,33.86,-10.04
2025-12-15,41.64,39.75,-2.91,1.71,926251,1.18,-7.13,5.27,11.16,56.13,37.21,42.1,3.49,5.64,-5.15,29.67,-12.66
2025-12-16,39.44,37.85,-4.78,-0.78,624621,0.82,-9.32,-7.71,0.34,44.25,30.65,36.8,3.1,5.95,-9.67,23.22,-16.83
2025-12-17,37.75,37.37,-1.27,-0.26,860481,1.15,-10.47,-9.41,-3.74,42.2,29.0,35.6,3.09,5.84,-10.79,21.41,-17.89
2025-12-18,37.51,38.0,1.69,0.37,754782,1.0,-8.68,-10.69,2.98,48.73,31.17,38.5,3.03,5.55,-9.17,23.23,-16.5
2025-12-19,38.04,39.03,2.71,0.11,3225821,3.63,-4.67,-8.38,5.37,52.1,34.73,42.9,3.1,5.4,-6.46,26.32,-14.24
2025-12-22,39.0,40.08,2.69,-0.08,569266,0.64,0.83,-1.55,9.21,55.35,38.35,47.1,3.03,5.24,-3.8,29.44,-11.93
2025-12-23,39.94,40.05,-0.07,-0.35,855480,0.97,5.81,-5.63,9.19,53.68,38.25,47.0,2.86,5.07,-3.74,29.06,-12.0
2025-12-24,40.0,40.14,0.22,-0.12,334499,0.39,7.41,-7.85,10.03,53.97,38.56,47.4,2.79,4.85,-3.39,29.06,-11.8
2025-12-26,39.83,39.84,-0.75,-0.77,561990,0.68,4.84,-12.46,6.13,53.53,37.52,46.2,2.56,4.71,-3.97,27.82,-12.46
2025-12-29,39.7,39.86,0.05,-0.35,543351,0.65,2.13,-11.11,2.0,53.31,37.59,46.3,2.56,4.54,-3.83,27.6,-12.41
2025-12-30,39.67,40.17,0.78,-0.48,882462,1.05,0.22,-10.41,-0.27,52.45,38.66,47.9,2.57,4.32,-3.02,28.34,-11.73
2025-12-31,40.14,41.52,3.36,-0.07,772239,0.92,3.67,-4.0,5.22,55.62,43.32,54.2,2.6,4.19,0.34,32.36,-8.77
2026-01-02,41.19,41.79,0.65,-0.79,1070643,1.27,4.11,1.02,4.86,55.35,0.0,55.3,2.42,4.08,1.06,32.92,-8.17
2026-01-05,41.76,40.04,-4.19,-0.07,1109811,1.31,0.5,-6.03,0.55,52.53,-4.19,47.0,2.49,4.57,-3.09,27.11,-12.02
2026-01-06,39.77,40.37,0.82,-0.67,692446,0.82,1.28,-9.75,5.87,55.51,-3.4,48.6,2.21,4.38,-2.21,27.9,-11.29
2026-01-07,40.44,42.45,5.15,0.17,1160375,1.35,5.68,-1.96,11.71,56.99,1.58,57.2,2.43,4.4,2.89,34.16,-6.72
2026-01-08,42.29,41.93,-1.22,-0.38,1274260,1.44,0.99,-2.03,3.0,54.67,0.34,54.7,2.43,4.47,1.74,32.24,-7.87
2026-01-09,44.16,54.2,29.26,5.32,6995379,5.81,29.7,29.85,21.91,102.84,29.7,78.4,6.8,5.25,30.85,70.22,0.0
2026-01-12,55.31,53.72,-0.89,2.05,1899648,1.49,34.17,28.7,24.21,107.41,28.55,76.7,6.81,5.56,29.02,68.0,-0.89
2026-01-13,53.03,52.58,-2.12,-1.28,989966,0.76,30.25,26.36,22.39,110.74,25.82,72.7,6.85,5.63,25.67,63.77,-2.99
2026-01-14,51.73,55.51,5.57,-1.62,1100177,0.84,30.77,35.59,29.54,112.85,32.83,76.2,6.87,5.58,31.9,72.12,0.0
2026-01-15,56.22,53.07,-4.4,1.28,781556,0.59,26.57,33.51,23.28,86.47,26.99,68.4,6.93,5.92,25.44,63.83,-4.4
2026-01-16,53.2,54.73,3.13,0.24,1054478,0.79,0.98,44.6,30.78,104.6,30.96,70.6,6.78,5.72,28.41,68.11,-1.41
2026-01-20,53.11,54.69,-0.07,-2.96,922166,0.69,1.81,46.35,31.91,103.31,30.87,70.5,6.76,5.71,27.32,67.15,-1.48
2026-01-21,55.03,57.13,4.46,0.62,2888327,2.18,8.65,50.34,31.06,119.65,36.71,73.6,6.78,5.58,31.93,73.59,0.0
2026-01-22,57.3,55.85,-2.24,0.3,2829283,1.97,0.61,43.1,29.7,112.2,33.64,69.5,6.84,5.64,28.02,68.71,-2.24
2026-01-23,54.76,53.81,-3.65,-1.95,1814354,1.22,1.39,34.26,28.39,105.85,28.76,63.3,6.94,5.77,22.58,61.65,-5.81
2026-01-26,53.0,53.3,-0.95,-1.51,671560,0.45,-2.61,33.08,26.97,104.21,27.54,61.9,6.96,5.66,20.62,59.21,-6.7
2026-01-27,53.2,55.1,3.38,-0.19,882331,0.58,0.75,37.27,26.17,113.07,31.85,64.9,6.96,5.36,23.82,63.68,-3.55
2026-01-28,54.9,53.84,-2.29,-0.36,658711,0.43,-5.76,35.14,21.56,106.76,28.83,61.2,7.0,5.4,20.12,59.08,-5.76
2026-01-29,53.85,53.42,-0.78,0.02,700821,0.46,-4.35,34.02,22.21,98.51,27.83,60.0,7.01,5.31,18.52,57.04,-6.49
2026-01-30,53.23,52.05,-2.56,-0.36,778007,0.51,-3.27,29.57,21.1,95.02,24.55,56.0,7.07,5.41,14.93,52.3,-8.89
2026-02-02,51.67,54.34,4.4,-0.73,640264,0.43,1.95,30.88,27.95,106.54,30.03,60.7,7.08,5.2,19.37,58.21,-4.88
2026-02-03,54.47,52.56,-3.28,0.24,1335920,0.89,-4.61,25.77,21.47,101.46,25.77,55.7,7.16,5.57,14.95,52.31,-8.0
2026-02-04,52.49,51.98,-1.1,-0.13,818941,0.54,-3.45,29.82,24.06,92.95,24.38,54.2,7.07,5.52,13.13,49.95,-9.01
2026-02-05,51.71,49.2,-5.35,-0.52,1081022,0.72,-7.9,21.87,25.93,94.54,17.73,47.3,7.23,5.95,6.76,41.34,-13.88
2026-02-06,50.93,50.36,2.36,3.52,841677,0.57,-3.25,18.63,32.67,106.82,20.51,50.1,7.17,5.72,8.96,44.06,-11.85
2026-02-09,50.09,51.08,1.43,-0.54,757378,0.65,-6.0,21.82,28.7,105.55,22.23,51.9,7.16,5.5,10.25,45.48,-10.59
2026-02-10,51.37,53.09,3.94,0.57,1139064,1.0,1.01,-2.05,33.8,121.72,27.04,56.4,3.25,5.29,14.18,50.53,-7.07
2026-02-11,52.65,53.55,0.87,-0.83,456397,0.41,3.02,-0.32,33.14,114.63,28.14,57.4,3.25,5.17,14.74,51.17,-6.27
2026-02-12,53.83,51.62,-3.6,0.52,801669,0.73,4.92,-1.83,32.9,94.87,23.52,52.1,3.32,5.31,10.21,45.24,-9.64
2026-02-13,51.66,51.5,-0.23,0.08,735890,0.67,2.26,-7.22,30.68,98.38,23.24,51.7,3.06,5.25,9.48,44.4,-9.85
2026-02-17,50.85,53.87,4.6,-1.26,499482,0.47,5.46,1.51,42.66,109.61,28.91,57.4,3.09,5.13,13.97,50.48,-5.71
2026-02-18,53.67,55.21,2.49,-0.37,911370,0.86,3.99,0.88,34.63,111.29,32.11,60.2,3.06,4.94,16.29,53.63,-3.36
2026-02-19,54.43,56.42,2.19,-1.41,637651,0.67,5.36,3.16,36.78,120.74,35.01,62.6,3.09,4.82,18.19,56.4,-1.24
2026-02-20,55.94,57.63,2.14,-0.86,730167,0.86,11.64,0.88,35.44,125.73,37.9,64.9,2.97,4.78,19.98,59.11,0.0
2026-02-23,56.59,58.31,1.18,-1.8,790257,1.0,13.22,4.4,36.88,124.44,39.53,66.1,2.93,4.98,20.56,60.17,0.0
2026-02-24,58.23,58.34,0.05,-0.14,1059900,1.3,8.3,8.42,43.31,116.76,39.6,66.2,2.79,4.79,19.8,59.47,0.0
2026-02-25,58.46,57.02,-2.26,0.21,537550,0.68,3.28,6.98,34.35,124.31,36.44,61.3,2.84,4.97,16.35,55.16,-2.26
2026-02-26,57.03,56.15,-1.53,0.02,733259,0.92,-0.49,1.9,28.89,107.71,34.35,58.2,2.78,5.1,13.86,52.11,-3.76
2026-02-27,55.79,58.8,4.73,-0.63,1062866,1.3,2.03,9.21,29.2,122.05,40.7,64.1,2.89,5.01,18.33,58.58,0.0
2026-03-02,57.11,57.83,-1.65,-2.87,51,0.0,-0.82,8.26,28.97,116.47,38.38,60.7,2.92,5.14,15.45,55.26,-1.65
2026-03-03,55.5,60.5,4.62,-4.03,1158547,1.44,3.7,16.23,34.92,125.58,44.77,66.0,2.97,5.17,19.68,61.64,0.0
2026-03-04,61.0,61.5,1.65,0.83,1088450,1.37,7.86,13.18,42.2,123.96,47.16,67.8,2.86,5.08,20.54,63.52,0.0
2026-03-05,60.59,60.3,-1.95,-1.48,1698930,2.03,7.4,14.73,45.76,110.32,44.29,63.5,2.79,5.06,17.21,59.59,-1.95
2026-03-06,59.91,61.88,2.62,-0.65,1026194,1.23,5.24,19.05,45.22,100.0,48.07,66.5,2.78,4.99,19.27,62.97,0.0
2026-03-09,61.44,61.29,-0.95,-0.71,1242010,1.46,5.98,24.57,37.02,85.33,46.66,64.4,2.44,5.02,17.17,60.69,-0.95
2026-03-10,60.74,62.79,2.45,-0.9,1436172,1.62,3.79,24.68,45.01,86.38,50.25,67.2,2.44,4.96,19.01,63.83,0.0
2026-03-11,61.95,64.66,2.98,-1.34,4031663,3.91,5.14,26.59,51.07,93.19,54.73,70.4,2.47,4.79,21.41,67.86,0.0
2026-03-12,63.67,62.97,-2.61,-1.52,2603277,2.29,4.43,18.61,50.86,87.24,50.68,64.3,2.52,5.15,17.22,62.68,-2.61
2026-03-13,63.11,64.29,2.1,0.22,1880059,1.58,3.89,20.06,54.02,93.88,53.84,66.8,2.53,4.97,18.61,65.26,-0.57
2026-03-16,63.5,65.9,2.5,-1.23,1599669,1.29,7.52,27.66,58.38,97.66,57.69,69.5,2.33,4.86,20.5,68.52,0.0
2026-03-17,65.91,68.64,4.16,0.02,1648307,1.27,9.32,33.28,67.66,98.38,64.25,73.4,2.39,4.81,24.29,74.58,0.0
2026-03-18,68.55,64.45,-6.1,-0.13,1989824,1.48,-0.32,19.64,62.14,80.23,54.22,60.5,2.79,5.3,15.68,63.12,-6.1
2026-03-19,64.05,65.86,2.19,-0.62,1955592,1.38,4.59,19.29,74.0,74.6,57.6,62.9,2.78,5.11,17.14,65.86,-4.05
2026-03-20,65.31,65.08,-1.18,-0.84,3214153,2.09,1.23,15.35,74.15,67.65,55.73,60.7,2.8,5.2,14.82,63.11,-5.19
2026-03-23,64.79,64.96,-0.18,-0.45,1883807,1.18,-1.43,12.72,70.95,76.04,55.44,60.3,2.78,5.09,13.69,62.03,-5.36
2026-03-24,64.0,63.84,-1.72,-1.48,989611,0.62,-6.99,9.48,63.57,72.35,52.76,57.1,2.83,5.05,11.35,58.5,-6.99
2026-03-25,64.67,65.81,3.09,1.3,755048,0.47,2.11,12.8,64.2,79.32,57.48,61.1,2.88,4.85,14.31,62.61,-4.12
2026-03-26,65.67,66.67,1.31,-0.21,824723,0.51,1.23,16.92,66.47,81.76,59.54,62.7,2.81,4.76,15.24,63.93,-2.87
2026-03-27,67.12,64.62,-3.07,0.68,889249,0.56,-0.71,15.09,60.99,77.14,54.63,56.6,2.89,4.95,11.34,58.17,-5.86
2026-03-30,64.62,63.96,-1.02,0.0,957758,0.58,-1.54,8.78,60.54,70.38,53.05,54.8,2.76,4.87,9.79,55.83,-6.82
2026-03-31,65.1,67.68,5.82,1.78,1945773,1.16,6.02,17.03,69.79,73.18,61.95,62.2,2.95,4.82,15.66,64.07,-1.4
2026-04-01,68.22,66.79,-1.32,0.8,1160922,0.69,1.49,10.4,66.27,65.81,59.82,59.7,2.85,4.87,13.67,61.12,-2.7
2026-04-02,65.99,67.48,1.03,-1.2,1278720,0.77,1.21,9.72,62.52,71.01,61.47,61.0,2.84,4.74,14.44,61.96,-1.69
2026-04-06,67.54,67.55,0.1,0.09,1141585,0.68,4.53,12.02,61.64,69.49,61.64,61.2,2.79,4.6,14.11,61.33,-1.59
2026-04-07,68.56,69.81,3.35,1.5,1707447,1.01,9.15,12.82,74.35,75.31,67.05,65.5,2.82,4.43,17.29,65.86,0.0
2026-04-08,70.77,68.87,-1.35,1.38,1219405,0.72,1.76,12.37,70.6,80.62,64.8,62.4,2.83,4.55,15.11,62.79,-1.35
2026-04-09,68.52,68.56,-0.45,-0.51,897057,0.59,2.65,9.19,61.51,80.42,64.06,61.3,2.8,4.39,14.08,61.24,-1.79
2026-04-10,68.47,67.7,-1.25,-0.13,1214905,0.83,0.33,4.7,61.46,66.3,62.0,58.5,2.77,4.28,12.13,58.44,-3.02
2026-04-13,66.91,67.7,0.0,-1.17,879808,0.63,0.22,7.51,24.91,52.27,62.0,58.5,2.69,4.25,11.61,57.67,-3.02
2026-04-14,68.0,67.28,-0.62,0.44,2010079,1.41,-3.62,4.65,25.24,55.56,61.0,56.9,2.67,4.38,10.36,55.94,-3.62
2026-04-15,66.94,67.68,0.59,-0.51,1171566,0.83,-1.73,2.7,28.72,57.54,61.95,58.1,2.62,4.29,10.53,56.12,-3.05
2026-04-16,67.68,66.34,-1.98,0.0,1295308,0.95,-3.24,-3.35,19.51,54.82,58.75,53.1,2.49,4.56,7.86,52.32,-4.97
2026-04-17,67.61,73.43,10.69,1.91,1765388,1.3,8.46,13.93,38.36,70.57,75.71,68.5,3.1,4.53,18.56,67.69,0.0
2026-04-20,73.0,70.4,-4.13,-0.59,930499,0.75,3.99,6.89,28.63,68.22,68.46,59.5,3.25,4.7,12.89,59.97,-4.13
2026-04-21,70.5,71.84,2.05,0.14,805997,0.68,6.78,10.39,31.36,73.28,71.91,62.0,3.24,4.61,14.41,62.41,-2.17
2026-04-22,72.59,69.88,-2.73,1.04,1040307,0.87,3.25,7.57,22.32,60.31,67.22,56.8,3.32,4.78,10.63,57.21,-4.83
2026-04-23,69.89,69.89,0.01,0.01,1121949,0.92,5.35,9.48,25.14,62.31,67.24,56.8,3.28,4.85,10.06,56.46,-4.82
2026-04-24,69.86,68.68,-1.73,-0.04,507031,0.42,-6.47,4.36,27.63,63.87,64.35,53.6,3.26,4.78,7.64,53.03,-6.47
2026-04-27,69.1,66.82,-2.71,0.61,758010,0.64,-5.09,0.22,25.37,59.17,59.89,49.0,3.31,4.96,4.23,48.23,-9.0
2026-04-28,67.45,65.55,-1.9,0.95,609871,0.52,-8.76,1.44,18.97,50.1,56.86,46.1,3.27,4.98,1.8,44.79,-10.73
2026-04-29,65.07,64.75,-1.22,-0.73,636808,0.57,-7.34,1.24,20.26,46.2,54.94,44.3,3.27,4.87,0.22,42.41,-11.82
2026-04-30,65.36,66.74,3.07,0.94,709529,0.65,-4.51,-1.39,24.93,52.69,59.7,49.5,3.08,4.69,2.93,46.12,-9.11
2026-05-01,65.82,66.27,-0.7,-1.38,796205,0.75,-3.51,-0.78,27.32,54.19,58.58,48.4,3.07,4.61,1.9,44.46,-9.75
2026-05-04,65.83,67.7,2.16,-0.66,634047,0.61,1.32,0.33,24.59,59.41,62.0,52.0,3.1,4.43,3.78,46.94,-7.8
2026-05-05,68.64,67.17,-0.78,1.39,743670,0.75,2.48,-0.56,27.81,55.25,60.74,50.6,3.11,4.5,2.69,45.17,-8.52
2026-05-06,67.83,68.01,1.24,0.98,473302,0.5,5.03,-2.58,30.84,62.32,62.74,52.8,3.03,4.4,3.66,46.32,-7.38
2026-05-07,68.16,69.18,1.72,0.22,854733,0.9,3.66,0.45,40.61,77.07,65.54,55.8,3.04,4.24,5.06,48.15,-5.79
2026-05-08,68.9,69.62,0.64,-0.4,1143041,1.21,5.06,1.55,38.24,83.4,66.59,56.9,3.04,4.09,5.29,48.41,-5.19
2026-05-11,68.32,69.32,-0.43,-1.87,789986,0.84,2.39,2.39,35.71,74.65,65.88,55.9,3.02,4.1,4.51,47.09,-5.6
2026-05-12,69.32,72.07,3.97,0.0,1644646,1.78,7.29,6.45,35.75,81.63,72.46,62.6,3.13,4.01,8.19,52.18,-1.85
2026-05-13,71.88,74.0,2.68,-0.26,729280,0.81,8.81,9.99,38.19,83.99,77.08,66.4,3.17,3.98,10.64,55.47,0.0
2026-05-14,74.23,69.53,-6.03,0.31,1250508,1.39,0.51,2.74,34.71,79.03,66.39,52.9,3.47,4.7,3.71,45.42,-6.03
2026-05-15,69.2,66.93,-3.75,-0.48,1181144,1.36,-3.86,0.89,29.96,69.83,60.16,46.9,3.55,4.91,-0.37,39.39,-9.55
2026-05-18,67.3,62.93,-5.98,0.55,1378288,1.55,-9.22,-14.3,16.82,66.66,50.59,39.5,2.86,5.39,-6.35,30.57,-14.96
2026-05-19,62.13,63.3,0.59,-1.27,675135,0.76,-12.17,-10.09,14.65,54.35,51.47,40.4,2.76,5.3,-5.86,30.83,-14.46
2026-05-20,64.17,64.76,2.31,1.37,784540,0.9,-12.49,-9.86,14.78,56.99,54.97,44.1,2.77,5.11,-3.74,33.32,-12.49
2026-05-21,64.23,64.59,-0.26,-0.82,685263,0.81,-7.11,-7.57,12.08,51.8,54.56,43.8,2.72,4.97,-3.99,32.46,-12.72
2026-05-22,64.48,64.25,-0.53,-0.17,652816,0.76,-4.0,-8.07,10.19,50.82,53.74,43.1,2.72,4.85,-4.54,31.23,-13.18
2026-05-26,64.0,61.89,-3.67,-0.39,1701976,1.88,-1.65,-9.89,6.09,52.03,48.1,38.4,2.8,5.26,-7.98,25.93,-16.36
2026-05-27,61.89,60.8,-1.76,0.0,1029052,1.11,-3.95,-9.01,6.63,43.26,45.49,36.4,2.77,5.28,-9.46,23.26,-17.84
2026-05-28,60.3,60.73,-0.12,-0.82,688989,0.74,-6.22,-7.35,8.17,39.42,45.32,36.3,2.75,5.05,-9.35,22.66,-17.93
2026-05-29,61.14,62.29,2.57,0.68,1225931,1.29,-3.56,-3.8,5.94,36.87,49.05,41.3,2.81,4.83,-6.96,25.34,-15.82
2026-06-01,62.0,59.23,-4.91,-0.47,814459,0.85,-7.81,-11.25,2.42,32.09,41.73,35.4,2.89,5.2,-11.36,18.79,-19.96
2026-06-02,58.51,55.53,-6.25,-1.22,1164819,1.19,-10.28,-16.21,-8.21,23.84,32.88,29.9,3.15,5.73,-16.66,11.04,-24.96
2026-06-03,55.34,54.42,-2.0,-0.34,982166,0.99,-10.49,-19.62,-11.51,25.83,30.22,28.5,3.09,5.82,-18.06,8.51,-26.46
2026-06-04,54.5,56.09,3.07,0.15,653906,0.65,-7.64,-16.5,-6.98,35.58,34.22,33.6,3.21,5.55,-15.35,11.51,-24.2
2026-06-05,55.85,53.72,-4.23,-0.43,967310,0.96,-13.76,-21.01,-13.19,26.07,28.55,30.3,3.26,5.81,-18.63,6.5,-27.41
2026-06-08,54.4,54.4,1.27,1.27,828372,0.84,-8.15,-21.36,-11.24,21.62,30.17,32.4,3.24,5.63,-17.29,7.54,-26.49
2026-06-09,55.74,56.67,4.17,2.46,1236657,1.22,2.05,-18.6,-9.75,30.88,35.61,38.9,3.42,5.45,-13.63,11.69,-23.42
2026-06-10,56.27,54.92,-3.09,-0.71,824165,0.85,0.92,-20.77,-15.06,28.32,31.42,36.0,3.45,5.71,-16.07,7.94,-25.78
2026-06-11,55.27,57.64,4.95,0.64,783234,0.8,2.76,-20.02,-8.46,38.09,37.93,43.1,3.53,5.42,-11.64,12.93,-22.11
2026-06-12,58.04,59.56,3.33,0.69,933767,0.97,10.87,-19.51,-7.36,42.69,42.52,47.5,3.57,5.24,-8.5,16.32,-19.51
2026-06-15,60.12,59.55,-0.02,0.94,962080,1.01,9.47,-14.36,-9.64,43.11,42.5,47.5,3.38,5.12,-8.29,15.93,-19.53
2026-06-16,59.9,60.28,1.23,0.59,530820,0.59,6.37,-9.94,-12.18,47.24,44.25,49.2,3.32,4.9,-6.95,16.96,-18.54
2026-06-17,60.7,60.43,0.25,0.7,873600,0.95,10.03,-3.97,-6.24,52.03,44.6,49.6,3.07,4.8,-6.45,16.87,-18.34
2026-06-18,63.7,61.08,1.08,5.41,2259043,2.28,5.97,-3.51,-7.26,61.37,46.16,51.2,3.08,4.84,-5.22,17.75,-17.46
2026-06-22,61.99,66.25,8.46,1.49,1244075,1.22,11.23,2.3,1.8,77.28,58.53,61.9,3.58,4.72,2.88,27.25,-10.47
2026-06-23,64.82,65.73,-0.78,-2.16,846606,0.82,10.38,1.76,1.19,72.97,57.29,60.5,3.58,4.74,2.13,25.84,-11.18
2026-06-24,65.47,68.72,4.55,-0.4,1583701,1.55,14.0,6.96,7.64,76.07,64.44,65.4,3.7,4.86,6.75,31.11,-7.14
2026-06-25,67.25,72.84,6.0,-2.14,1362691,1.31,20.54,17.69,10.68,81.74,74.3,70.9,3.77,5.0,12.95,38.46,-1.57
2026-06-26,72.79,71.96,-1.21,-0.07,4852036,3.89,17.81,18.36,7.93,79.68,72.19,68.4,3.76,5.22,11.44,36.28,-2.76
2026-06-29,70.68,73.73,2.46,-1.78,1094031,0.88,11.29,21.41,14.1,83.68,76.43,70.6,3.77,5.09,13.92,39.11,-0.36
2026-06-30,75.07,71.05,-3.63,1.82,1405178,1.11,8.09,14.06,11.09,78.34,70.02,63.4,3.88,5.55,9.86,33.57,-3.99
2026-07-01,70.33,70.89,-0.23,-1.01,1145042,0.9,3.16,19.69,4.74,77.85,69.63,62.9,3.67,5.34,9.59,32.8,-4.2
